,image_url,image_name
0,https://cdn.propzy.vn/listing/default_detail.jpg,305298
1,https://propzy.vn/propzy_assests/images/default_detail.jpg,348302
2,https://cdn.propzy.vn/listing/large/2022/04/06/listing_f6838be7b2db959ccfe98d42e63828731bddb2eda9b889100f4c44ee1d664a5c.jpg,412503
3,https://cdn.propzy.vn/listing/default_detail.jpg,236736
4,https://cdn.propzy.vn/listing/large/2021/11/06/listing_6dfb6ad25a2a5941e2ae6ff129080944807b34c7314e7130c011f7105b473cae.jpg,403577
5,https://cdn.propzy.vn/listing/default_detail.jpg,387002
6,https://cdn.propzy.vn/listing/large/2021/01/05/listing_4131ab144448361c46c5a71dbf14097d1ec652f95178b55817e8ae07474d7556.jpg,318507
7,https://propzy.vn/propzy_assests/images/default_detail.jpg,262229
8,https://cdn.propzy.vn/listing/large/2022/04/12/listing_c22dcae582ed793aff9365fd0d7706de6104d836a977440b3d96a733d3f9578f.jpg,412856
9,https://cdn.propzy.vn/listing/large/2020/10/27/listing_48f866f2ce2a8fa28f3524fe5caac7569d49255367cb61ce4475177766200a80.jpg,265270
10,https://cdn.propzy.vn/listing/large/2021/01/23/listing_3368db3f8e036c7e46d30ab20d63fa81048a7948e7c79b394473e1c886a734d5.jpg,329573
11,https://cdn.propzy.vn/listing/large/2022/08/22/listing_06c154190d3a36291c69f47928c9fa2894c659e9d91462b24a7826aed8a920cc.jpg,420125
12,https://cdn.propzy.vn/listing/large/2022/01/14/listing_38cff8bcda6a340d3e88af0825c98ce9aff299e24dfb2150fae1eb1245be2319.jpg,407123
13,https://cdn.propzy.vn/listing/large/2021/06/29/listing_85b8f62e60d55e8a1a53ca735b25a4128a51df4f57d54b850a9d450625f851b8.jpg,386690
14,https://cdn.propzy.vn/listing/large/2020/12/10/listing_e34dc18f6c5b5049fd56d59454d02f83a16ae4c12b11799618d44b7ba2a5aeac.jpg,302180
15,https://cdn.propzy.vn/listing/large/2022/06/30/listing_1b952978956970ae16bfa9654e1587b418e57e861872196f1a74c4c41d9a22dc.jpg,417821
16,https://cdn.propzy.vn/listing/large/2020/10/12/listing_97fffeee9ee5046cd1b3325ea5c5121ee00338ae05be8dca28e5e470d14e279a.jpg,234901
17,https://cdn.propzy.vn/listing/large/2019/05/09/listing_01fa9e5a4619c77ade263df9e97d596af9354e8b08368d0547958589c2e2cb6a.jpg,57790
18,https://cdn.propzy.vn/listing/large/2019/10/22/listing_63bae595dec6736d538b3e03be6b2d8c7378bb7049d161604cf1f6eb5f67f443.jpg,99515
19,https://cdn.propzy.vn/listing/large/2022/08/01/listing_f4ff4e6dd7e28e1c287238f2cbe7e9f8693020c7c2ac0af33c67ed3f3f6c1f6c.jpg,419678
20,https://cdn.propzy.vn/listing/default_detail.jpg,189718
21,https://cdn.propzy.vn/listing/large/2021/07/02/listing_81ac9b2a93aa6ca955d75802e8e8ebc562bdad86a7f1ac9fb3301f40701dd1a1.jpg,387811
22,https://cdn.propzy.vn/listing/large/2021/08/07/listing_5f1042ebe0c66b5af4c68226ac26a655557707675e0a04fbd66ec3f679dabc86.jpg,394139
23,https://cdn.propzy.vn/listing/large/2022/01/12/listing_6c3b1ce619423a71d5044983fb5d2e9b25df9e6748a72448dd64812e27a9bb9a.jpg,407070
24,https://cdn.propzy.vn/listing/large/2022/07/12/listing_2e7bac057838ff5b31e038e5c5771b8cfb8f1644321b7e5ca6adde6d098384ca.jpg,418557
25,https://cdn.propzy.vn/listing/large/2021/04/20/listing_288fd51d4898a2158cb28ed0fb0f8817538a7d48dddc2ad7d9fabb22d685d90c.jpg,356192
26,https://cdn.propzy.vn/listing/default_detail.jpg,329439
27,https://cdn.propzy.vn/listing/large/2021/04/14/listing_0d20285e6a6448295d1c39fa8d3ce3f5881c689050b1b2ca55a6ab0f69d86203.jpg,354051
28,https://cdn.propzy.vn/listing/default_detail.jpg,345186
29,https://cdn.propzy.vn/listing/large/2021/03/30/listing_5aaa972e11fa4aa5ba81d406f7d0a61dd3fddeeb085e68a05191e6fac7a339c7.jpg,346785
30,https://cdn.propzy.vn/listing/large/2021/09/08/listing_f784a76b0fe0a439c82de85eb9b9f9352c559a5cb8a2441fbf4de18b1a3f9d9c.jpg,271191
31,https://cdn.propzy.vn/listing/large/2021/06/18/listing_186f391e9f7097f6a2df25c7f80df442b0acfad27e7ba1e9f430ad7557277013.jpg,382555
32,https://cdn.propzy.vn/listing/large/2021/06/15/listing_ea4237abe4f5ccb4ca739131bf58602f70a6d7fcbb23539adcb0156e603fbc8a.jpg,381077
33,https://cdn.propzy.vn/listing/large/2021/01/20/listing_474a206f0cbb956903124f0f8df921b64b537088aa2f97944a5004f4d4a841dd.jpg,328051
34,https://cdn.propzy.vn/listing/large/2020/12/15/listing_a677292cf8fdb73119255be55f66e0be2ec9cab8e70cd69b74a4065f0e9e5ca1.jpg,304933
35,https://cdn.propzy.vn/listing/large/2021/09/04/listing_388f10a6e4c64906b6e283105a50681cefef4efc4246a73276285b1fe628224f.jpg,361529
36,https://cdn.propzy.vn/listing/large/2020/08/07/listing_7b91936a298ef8b470146829838b13fe6fe692e22f66d752ccfa2a8685714e09.jpg,137215
37,https://propzy.vn/propzy_assests/images/default_detail.jpg,98483
38,https://cdn.propzy.vn/listing/large/2022/07/19/listing_43303280a024e96c71d3ba3221cb79d1954fbb7335b15a37397c19a5e30ac037.jpg,418874
39,https://cdn.propzy.vn/listing/large/2020/08/16/listing_c4ad3e5d2895b157b76629ccde85c40fbbe68135de9397529818d9aabf78ea4d.jpg,209203
40,https://cdn.propzy.vn/listing/large/2022/04/20/listing_902af21fe379525264ee8755b124e0614cf6b5b9ec652d389bc2d1d726cff748.jpg,413581
41,https://cdn.propzy.vn/listing/large/2019/06/04/listing_ec551d6c0c253282d1f939a3c4d653241467bd9393fd366d0c03576395319755.jpg,63450
42,https://cdn.propzy.vn/listing/large/2020/04/29/listing_7905752fe25e7c0efd928d1980065fcca3520b5aa17f0692f3ec4f2457878d8f.jpg,154631
43,https://cdn.propzy.vn/listing/large/2021/10/16/listing_a2b79443515f93003a89bd1e9de3f0dc24019af9dcb4b5b26d614b3c93478ef9.jpg,301557
44,https://cdn.propzy.vn/listing/large/2022/03/25/listing_d7c8e834ea6f50c68b1497bc54ab514b09efa2920292af6664a96801aeb9b332.jpg,411277
45,https://cdn.propzy.vn/listing/large/2021/06/19/listing_2507b7e33d5a6d4dfad46691ecdd38332ab6001c3c88230c531535a0ff5cad81.jpg,383341
46,https://cdn.propzy.vn/listing/large/2020/10/02/listing_0dc136b085e08c363fd67c3147d04baf3353eb6b206bcb12111c73ca7c844099.jpg,245702
47,https://cdn.propzy.vn/listing/large/2020/10/24/listing_442efdd228cff5f9403896582c0a06f4a61c8b357b1e521fece1e2801172febd.jpg,263320
48,https://cdn.propzy.vn/listing/large/2021/07/03/listing_fdd67101257e23b4a6432b1ab902dd9bd6329ab7968d33081231694e011748c1.jpg,388177
49,https://propzy.vn/propzy_assests/images/default_detail.jpg,413177
50,https://cdn.propzy.vn/listing/large/2020/11/14/listing_c373b2e2e93e514502b7767155a48c13965e1a893a62a54013c5076c02ddc771.jpg,278279
51,https://cdn.propzy.vn/listing/large/2022/04/19/listing_ec2f13048172668ae3ba3a4cab197cfc9e8d7e7fa10ac45d43c96c69f673bdc1.jpg,413481
52,https://cdn.propzy.vn/listing/large/2020/10/14/listing_1c8af5a1564483f108cf1471e536e87a1ca9d2df184fe1d047e61e75dbf7fa5b.jpg,255009
53,https://cdn.propzy.vn/listing/large/2021/06/02/listing_5b3e1d5e589672642ca10d413faec45735bf1606a13d1938d03270631820dca4.jpg,375092
54,https://propzy.vn/propzy_assests/images/default_detail.jpg,349954
55,https://cdn.propzy.vn/listing/large/2021/11/05/listing_8e835bf4289fe1507ed9993c4732c6161f431ef34c33f8036baf35891cf12f63.jpg,403510
56,https://cdn.propzy.vn/listing/large/2020/02/13/listing_ffb92d5f18e91e4315c1e6dc52158271ec59de11dcd65eca8ac12c893f7950d3.jpg,45361
57,https://propzy.vn/propzy_assests/images/default_detail.jpg,153963
58,https://cdn.propzy.vn/listing/large/2021/08/16/listing_f2c92d693c02a24891d191035956e0d374ea69709eb5ef959a9850def11be79b.jpg,395195
59,https://cdn.propzy.vn/listing/large/2021/06/21/listing_a50aa5802330c912db0174845221c4c71a1f74327e89708f29d5068951dc8f2d.jpg,383601
60,https://cdn.propzy.vn/listing/large/2019/11/29/listing_39b16d037a1c81ac5ef4da77cde91b9501d62a122ed615f2fe64851439158cc1.jpg,110315
61,https://cdn.propzy.vn/listing/large/2022/07/05/listing_5b943c6b3b7bd4c78505d6dfe9ade06504868d39774f4a61450dad9a0d2a5fcf.jpg,417999
62,https://cdn.propzy.vn/listing/large/2021/06/14/listing_a391efb9e2d70a8848cffb835d434ce0d41372ed5e95bee28e3f0c8d0cb5b221.jpg,380142
63,https://propzy.vn/propzy_assests/images/default_detail.jpg,166604
64,https://cdn.propzy.vn/listing/large/2022/02/28/listing_7dcab89fd49f20dbcdf2ea798a966e1747fc21959a37b306ac1da113ba502f2d.jpg,409141
65,https://cdn.propzy.vn/listing/large/2022/04/28/listing_419321a794546f096fcd4b4e7c4bf6f04f7940655610a2cad08e65dd34fb7423.jpg,414242
66,https://cdn.propzy.vn/listing/large/2022/02/11/listing_1af1c4610380a55006a235bef729a72bb932ca156af109346daf07781b481a32.jpg,407865
67,https://cdn.propzy.vn/listing/large/2021/03/10/listing_9cd8bceaeafe5cb139d066f2f470dfede8d9f23afd56846ef134bdeaf0cce1ec.jpg,338448
68,https://cdn.propzy.vn/listing/large/2022/06/20/listing_ab631dcfea153a1d946e5be2bb72c8a57c03fd42c4f4fd1a15d2e3c36c0672b9.jpg,417423
69,https://cdn.propzy.vn/listing/large/2022/07/28/listing_d8392b30fab02a97e5398b09f312c59787276cb0344a0ea9d6feaf7d3d84dd84.jpg,419526
70,https://cdn.propzy.vn/listing/default_detail.jpg,93946
71,https://cdn.propzy.vn/listing/large/2020/12/30/listing_fc10257c06b17697a4e4cb4eb509e875b6cd540d7a4ff794c05b2cb19498b7c5.jpg,74512
72,https://cdn.propzy.vn/listing/default_detail.jpg,380101
73,https://cdn.propzy.vn/listing/large/2022/02/17/listing_c47878a5afbaa3c22f7e45312acf1dac74cdd23545ab6fa5d50f3d6ba8471839.jpg,408355
74,https://cdn.propzy.vn/listing/large/2021/07/19/listing_13ff60ed7c549b36ba9a9e93583dd28d2c9112dee6b5253e8a704926aea0d9dd.jpg,391720
75,https://cdn.propzy.vn/listing/large/2019/08/02/listing_8d2839681e6b13a3311970259ce7b22b1915e86c6d9fe6052a7af1cbd27a4b8a.jpg,66190
76,https://cdn.propzy.vn/listing/default_detail.jpg,323620
77,https://cdn.propzy.vn/listing/large/2019/10/14/listing_5020f2173888dfd7a6d373a28e2439ad7c92b4c0d12569a93fd733947ae62a32.jpg,93037
78,https://cdn.propzy.vn/listing/large/2022/03/02/listing_6d388cb030ac214c10543917c3fcf472e4397c61856a23e42f39d3809f52bb9c.jpg,409248
79,https://cdn.propzy.vn/listing/large/2022/03/19/listing_1d0659b79c239db03f526bd0895b736e71f262b9fa6cd1eceb193eb1cf732305.jpg,410662
80,https://cdn.propzy.vn/listing/large/2022/03/24/listing_e97e8416dcb849a1319691d008b9d78cbfa027a594efe2c120c42513bf9035c6.jpg,411158
81,https://cdn.propzy.vn/listing/large/2021/11/27/listing_5032c4cba2d4c0fb02709a12debd070f96c3798f06fa6f73b3978f21d0f08531.jpg,404464
82,https://cdn.propzy.vn/listing/large/2021/04/26/listing_dcce1a024278952e09e2d636641babc4d39ed786a815c97bbab68840b3f4737e.jpg,358444
83,https://cdn.propzy.vn/listing/large/2021/03/17/listing_0e0a2e0e29ed64de7ea4f5f3ae4fb7c8272554893207d59ffa327be1180e6767.jpg,341535
84,https://cdn.propzy.vn/listing/large/2022/05/09/listing_56ae3436f7bc4d870911063e6531aaaa2adcb6b1b3bdb97ebf575d5324b8f4e4.jpg,415039
85,https://cdn.propzy.vn/listing/large/2019/08/15/listing_f6b3bf9751612496f22c79bf4b9fc3a1ec1b5664fc4b4cdec4727f592b73d158.jpg,81773
86,https://cdn.propzy.vn/listing/large/2019/11/25/listing_834d019097e1d268dfa66ad2cb870426b9c121e00c2305fcd36150e5f7e027a1.jpg,109013
87,https://cdn.propzy.vn/listing/large/2022/08/03/listing_c61e0b7e5163995d332f89c015a83576c0851a0b962a011744641475fe456ebb.jpg,419826
88,https://cdn.propzy.vn/listing/large/2021/03/06/listing_4c71c4c45075792d5ad1b43498f00932e8cbf7603ddd1fe9a9fe1a5b3bb4c245.jpg,337635
89,https://propzy.vn/propzy_assests/images/default_detail.jpg,412038
90,https://propzy.vn/propzy_assests/images/default_detail.jpg,27647
91,https://cdn.propzy.vn/listing/large/2019/09/11/listing_1a91187cc1998ba11d0d1e534c782413a36182a8b76f8c4c933744d10aa70944.jpg,87829
92,https://cdn.propzy.vn/listing/large/2020/08/04/listing_45abe3e1d0d91aba0211072aec75012c5b9e7d08abbc20ea810fd889a399e4a0.jpg,199443
93,https://cdn.propzy.vn/listing/large/2021/12/27/listing_eed1db06f90bcfd9c9473b08e667c7a6ae5bb441eae024cb5e993d3f989d3ee8.jpg,405723
94,https://cdn.propzy.vn/listing/large/2019/08/07/listing_b725596fc93f6f3d3583abaad04d804c3227d855d643b192435de9679d7a4696.jpg,79771
95,https://cdn.propzy.vn/listing/large/2022/07/18/listing_dd78aa822e4f2a1c5682a4a2f8bbd5ef83b24809e8fd2b443d3839eff7a250fb.jpg,418782
96,https://cdn.propzy.vn/listing/large/2021/06/24/listing_bf9c51121542239b579d25db9b45f56bd55f81a9f99c85f9099cd78bf0333bdf.jpg,385071
97,https://cdn.propzy.vn/listing/default_detail.jpg,395858
98,https://cdn.propzy.vn/listing/large/2021/10/05/listing_475d4af2bcf68f3656f9b984455b25cdc3e4145abc51fe033320834483bbe47f.jpg,398983
99,https://cdn.propzy.vn/listing/large/2020/10/28/listing_09e2df0410a6396b78c911740f3e8885005e9716d2faef0a7428fca08fec02c4.jpg,264241
100,https://cdn.propzy.vn/listing/large/2021/03/22/listing_22fe7c9f19ab69a70c3e56b3ce7190fcc84d1f89812e8c7b5facb112aba8aa04.jpg,343134
101,https://cdn.propzy.vn/listing/large/2020/12/23/listing_bc0a35e27d40f851ef606f56b8f9e018a97ed9d7fddae6c4ff0d7e3b6b46d3e9.jpg,310782
102,https://cdn.propzy.vn/listing/default_detail.jpg,265726
103,https://cdn.propzy.vn/listing/large/2021/04/14/listing_89f589d1eca48c8f6511677f5847dac03f0bb97d53ed223dad3ac034b158bd2b.jpg,322115
104,https://cdn.propzy.vn/listing/large/2020/12/30/listing_79db8439e38bc342311ee29d2f45254440e4b33c0584ed39006fb518df490fbb.jpg,315452
105,https://cdn.propzy.vn/listing/default_detail.jpg,361436
106,https://cdn.propzy.vn/listing/default_detail.jpg,307046
107,https://cdn.propzy.vn/listing/large/2020/12/10/listing_13d2a68fa3b83de90a0de69742de807a34702897351044e311e52a73f8324a81.jpg,302164
108,https://cdn.propzy.vn/listing/large/2020/12/16/listing_bffc161070f01c7f5bfa947cce1028da4e90cc9233d23b9b29c712936f98c881.jpg,305749
109,https://cdn.propzy.vn/listing/large/2021/11/16/listing_a14ca6e7c857e33717114eb9067f159035ae4446f6c3fc02ba8bb9a703b90c30.jpg,404063
110,https://cdn.propzy.vn/listing/large/2020/03/05/listing_80a0cf09f7a6417f882d0274cba7b136378d86c58056571b6d5f8a2790e8aac3.jpg,134038
111,https://cdn.propzy.vn/listing/large/2021/08/20/listing_027e5678ea97733a35d7225b7a0a12a76ce1e697ec6e7df0cca222b2ca857fdb.jpg,395651
112,https://cdn.propzy.vn/listing/large/2021/02/24/listing_b7ea05858bf964e7eb088f1a2b85f7cc007fd595f1824794f91b7df455c82d55.jpg,278830
113,https://propzy.vn/propzy_assests/images/default_detail.jpg,305744
114,https://cdn.propzy.vn/listing/default_detail.jpg,265689
115,https://cdn.propzy.vn/listing/default_detail.jpg,290385
116,https://cdn.propzy.vn/listing/large/2020/11/13/listing_1d43c458c69a90697036aa99773b2509f94170fa743f7e4b7e53bbaa7e775155.jpg,278397
117,https://cdn.propzy.vn/listing/large/2020/07/20/listing_495bd1591822777dca06561169d113570fca66a953afc7e8f6d17746a59da591.jpg,192395
118,https://cdn.propzy.vn/listing/large/2020/12/07/listing_fe6b96bf83c84118f953f7398d1994e18a22a36fd18451dee2e1a785b742504d.jpg,298399
119,https://cdn.propzy.vn/listing/large/2020/08/07/listing_fd161b6599af8b990a900443afbe7abacb603cd09c50923d2ac40bbec271546c.jpg,143448
120,https://cdn.propzy.vn/listing/large/2022/03/23/listing_cc51f4de329803e07e91ae16ee60998ae22780242c810125fa259e4089ddf647.jpg,411034
121,https://cdn.propzy.vn/listing/large/2019/01/02/listing_34191b057a9d2c88e432013ae7776da100a0daf58a329c58c862935b6a75f0b8.jpg,44563
122,https://cdn.propzy.vn/listing/large/2020/09/16/listing_27d801fb0674f1bce84d75f74793dde78cacedd09fb5ad248e4eeb5e00466336.jpg,232088
123,https://propzy.vn/propzy_assests/images/default_detail.jpg,346582
124,https://cdn.propzy.vn/listing/large/2022/06/28/listing_3667f68b2862d548d14bbda9fd0b85dfbfc8fa3203073b757578d8eda6c0fbd4.jpg,417737
125,https://cdn.propzy.vn/listing/default_detail.jpg,266896
126,https://cdn.propzy.vn/listing/large/2020/12/17/listing_ee208b668e8208b2368edec74a3bb5a64a3469da4f2f82c7dd325e9c221d1802.jpg,306987
127,https://cdn.propzy.vn/listing/large/2020/08/07/listing_54223c4e79d37158485f416684ff7e69f0c1908c105a76b008094082a3ab6b1e.jpg,158535
128,https://cdn.propzy.vn/listing/default_detail.jpg,222316
129,https://cdn.propzy.vn/listing/large/2020/08/07/listing_54223c4e79d37158485f416684ff7e69f0c1908c105a76b008094082a3ab6b1e.jpg,158535
130,https://cdn.propzy.vn/listing/large/2019/12/22/listing_d00acf5a85382ec742051b9858ac98991186cf53b4c9c76d97dc7af0a6345b29.jpg,117114
131,https://cdn.propzy.vn/listing/large/2021/05/22/listing_a98d8de16af310019f2948ee89765543bd6d65587a6037173c38386826b981f0.jpg,205986
132,https://cdn.propzy.vn/listing/default_detail.jpg,272957
133,https://cdn.propzy.vn/listing/large/2021/03/15/listing_d8dfe58a5a8009c77307f22c9afada1599e1f68c1cc2e5b0bea26f704900c2d8.jpg,340480
134,https://cdn.propzy.vn/listing/large/2019/05/03/listing_2f59fc01e650a27e1043f5e9aedf561736a8d815e778378ca2c8cc9e7e7b409f.jpg,56077
135,https://cdn.propzy.vn/listing/large/2021/04/03/listing_331793d55c1fe8961bae90251a84ab6ef79e7d84d07c9333bbd6287b6ca56a72.jpg,348835
136,https://cdn.propzy.vn/listing/large/2022/02/24/listing_2dda4e04824514c67993676f0b46fe66836ff70df0624a977d7034d178d5e24d.jpg,408832
137,https://cdn.propzy.vn/listing/large/2021/01/07/listing_92abad94216d2360f714889cd59366ef55b386a41959d5ab8bfb242e6a6f0ce5.jpg,319907
138,https://cdn.propzy.vn/listing/large/2021/03/11/listing_c832751016b229671a32703bcb409748486197b80311ac6c0f95ca774a7d98c6.jpg,338985
139,https://propzy.vn/propzy_assests/images/default_detail.jpg,276406
140,https://cdn.propzy.vn/listing/default_detail.jpg,184734
141,https://cdn.propzy.vn/listing/large/2021/05/22/listing_8bc5b6f1781060bb91b2028b4a36f13a057d67706737738c13dd8945a42ae0b6.jpg,370557
142,https://cdn.propzy.vn/listing/large/2021/03/23/listing_b132f61fe5db08be7c956ed5c65b2bde49a41e3a8810c667a41a00ff59447e87.jpg,343892
143,https://cdn.propzy.vn/listing/large/2021/11/02/listing_9ec6260dac4bca40b23b6bb3d2121d2f79df45a27ce96018de6323ed3d7dc13b.jpg,171698
144,https://cdn.propzy.vn/listing/large/2020/06/11/listing_c71d0eaccdf6c8cd26ed5f97e28fe8b09798189c50a1318211f3349b021180f7.jpg,172960
145,https://cdn.propzy.vn/listing/default_detail.jpg,398904
146,https://cdn.propzy.vn/listing/large/2021/03/10/listing_01579c3e92b124493481b7742204738163c2c16959dbc1d858b52c8bb11b37f0.jpg,123012
147,https://cdn.propzy.vn/listing/large/2022/04/25/listing_86ba199ac667f5de1c2f47c9e8424c991aa2eed1df23d1f83694e459a65de451.jpg,413830
148,https://cdn.propzy.vn/listing/large/2022/05/06/listing_128c8edd209ea35d3733561bdda762ad67c9a399f11307a7be5a7f35212cb787.jpg,414975
149,https://cdn.propzy.vn/listing/large/2022/04/19/listing_aa329a87962264bdc9dc7bc052673491b9ed9b456d4c417118bbb89e05960667.jpg,413588
150,https://cdn.propzy.vn/listing/large/2020/05/08/listing_3fafc2bb094992ab7e77b281978bcd89d17893c1de76d58238ff60f6ce5a61f3.jpg,156968
151,https://propzy.vn/propzy_assests/images/default_detail.jpg,290778
152,https://propzy.vn/propzy_assests/images/default_detail.jpg,323758
153,https://cdn.propzy.vn/listing/default_detail.jpg,398036
154,https://cdn.propzy.vn/listing/large/2021/08/25/listing_d63a104b4d640450bb8ef83fddbb4017bbef8a88e1466b35bc14985e9eb7bc92.jpg,395988
155,https://cdn.propzy.vn/listing/large/2021/04/18/listing_3eb5c191134c3422ffb139ee3e974235de1c8b04185096817c93b1c1a4e23882.jpg,156360
156,https://cdn.propzy.vn/listing/large/2021/06/02/listing_5c164a5ac3cbe90ad67cd49b5c9b871bb1817959ccab444d481382cb719e48aa.jpg,375489
157,https://cdn.propzy.vn/listing/default_detail.jpg,353780
158,https://propzy.vn/propzy_assests/images/default_detail.jpg,371744
159,https://cdn.propzy.vn/listing/large/2021/03/27/listing_f5f04da80c783abae6c737c8fdb8253221cfd0590c64697d2d120b7da8d72af8.jpg,345707
160,https://cdn.propzy.vn/listing/large/2022/03/30/listing_477fab2f91bbcc073c5c971c72d0263e4147e98689218ba250d89239081da868.jpg,411830
161,https://cdn.propzy.vn/listing/large/2021/04/29/listing_f4699e6a4e50790759c465e9a6f5a198ddb9e843c439cc318754ce5adeee7274.jpg,360165
162,https://cdn.propzy.vn/listing/default_detail.jpg,292846
163,https://cdn.propzy.vn/listing/large/2021/06/04/listing_96ff4b14907167c0f51e78854f898f971658e357096f8c5041df8783f0245751.jpg,376379
164,https://cdn.propzy.vn/listing/large/2021/05/26/listing_40f5fb0abb90212c478f10cf57e3d4b859b1af61986fec45434f90623c4d0102.jpg,372620
165,https://cdn.propzy.vn/listing/large/2021/05/10/listing_56af608a3dc86c1a256a0cdd0b38d8f1379babb763001baf55f02a23955f320d.jpg,363870
166,https://cdn.propzy.vn/listing/large/2022/03/30/listing_c8bd797ae59d767f380166b8cd24cbe8232158507c59f7b8f69006b36e14616a.jpg,411905
167,https://cdn.propzy.vn/listing/large/2022/07/21/listing_b1839ba3f41abd0872f271d6cb6b119d7d3abaf2be2475f52252e5c33a3f5f49.jpg,419133
168,https://cdn.propzy.vn/listing/large/2021/04/14/listing_c17ac041c36e1d595f57c3aedd8ac676ef203c57eb06afb83917fecb59ec9c9d.jpg,353995
169,https://cdn.propzy.vn/listing/large/2021/11/11/listing_a12eb89e486c1befb24b47d165b65dc4e277fe338eb5653c4f90d1d44b483fe4.jpg,210893
170,https://cdn.propzy.vn/listing/large/2021/04/13/listing_d74d74efae75aeb596cd43952497d270b38d4765fb04ede014a44759ffa58902.jpg,353150
171,https://cdn.propzy.vn/listing/large/2022/03/14/listing_b0158f78c50428cf2594e91b5049e4508897d722bfc3f7a9860c143fc2da99c3.jpg,410118
172,https://cdn.propzy.vn/listing/large/2021/06/26/listing_86c97f1182f4b6e8fab92481dd1e5040cb0ab21bdeb81f40b4a4afd2e3adf698.jpg,385681
173,https://cdn.propzy.vn/listing/large/2021/04/23/listing_51a5943219b43d197723126d7f1891522fb85eea2216f4de7293b2084ce903aa.jpg,357392
174,https://propzy.vn/propzy_assests/images/default_detail.jpg,262245
175,https://cdn.propzy.vn/listing/large/2021/07/06/listing_8bb0c1b99ee2114966e664026e0742987a4966a8dd9bcda6ca3f7af0b736738f.jpg,388827
176,https://propzy.vn/propzy_assests/images/default_detail.jpg,400671
177,https://cdn.propzy.vn/listing/large/2020/04/13/listing_5dd5882f1f46c386c909cd980226689700092eb6c5990eb9f2c7ade20bf99ca0.jpg,148789
178,https://cdn.propzy.vn/listing/default_detail.jpg,363081
179,https://cdn.propzy.vn/listing/large/2022/04/01/listing_9f3688c5cd5acfa5e9449fb3eb4c4428f1b712cca8a2f952a5321f1072ae1975.jpg,412041
180,https://cdn.propzy.vn/listing/large/2021/02/01/listing_c079f3954ae7fa6fdeead20b880bef42b591c07173928f523c82a746bc8d9c4b.jpg,331589
181,https://propzy.vn/propzy_assests/images/default_detail.jpg,364284
182,https://cdn.propzy.vn/listing/large/2020/03/26/listing_5d2af3a4be55477a703485bd59363e39ab3728b4608c6fb27b356cc138f1198f.jpg,140731
183,https://cdn.propzy.vn/listing/large/2019/12/24/listing_5e5397595703706c865662042c068be324448cf0d5d07402a96aca17fe641eb4.jpg,117498
184,https://cdn.propzy.vn/listing/large/2021/12/14/listing_3109895fd8221c3d43e917e305df32ba59bd22d16dff10f9bc48682a127a4ec3.jpg,227340
185,https://cdn.propzy.vn/listing/large/2022/02/18/listing_388f85958d4e98cc65a05fba122e0107f1da1947db0d4f039eeaea87580f2c4e.jpg,408423
186,https://cdn.propzy.vn/listing/default_detail.jpg,350865
187,https://cdn.propzy.vn/listing/large/2021/03/19/listing_f6b9e5c8339ae1b454f5b89dc7eea24853f8da9e5e08092b89c0ebac13c56add.jpg,342275
188,https://cdn.propzy.vn/listing/default_detail.jpg,358624
189,https://cdn.propzy.vn/listing/large/2021/06/26/listing_44b1ebbc93b0e4cc71c9434114deee748cdff5cc892d7e67a87ef5605c3be5ac.jpg,121791
190,https://cdn.propzy.vn/listing/large/2022/04/15/listing_3ff5e29690fefe22a6c42851a0428c717b14f3e08a74a887279c8b72faeb9d7f.jpg,413225
191,https://cdn.propzy.vn/listing/large/2021/04/15/listing_2aee771b5cfe0539042a8b7af3c93cb657e5d5ac1dcc089d3d242586dbc1e22f.jpg,354888
192,https://cdn.propzy.vn/listing/default_detail.jpg,244205
193,https://cdn.propzy.vn/listing/large/2021/05/05/listing_0dd21a53723fa8271539d6ec400422d74d2acf09a3a8eecd684bead9a194fbe5.jpg,362126
194,https://cdn.propzy.vn/listing/large/2020/11/05/listing_1b2ea7d28c14117677765195cb7f1c021eaa5374e12c0c066686f1a56b6374cb.jpg,271372
195,https://cdn.propzy.vn/listing/large/2020/08/07/listing_2a097950efd1dee50b4291b26de0e553a7bf598b1320b649f269d7f6ad0fa846.jpg,107534
196,https://cdn.propzy.vn/listing/large/2022/04/26/listing_876d3b5d80d3330197b95854a2c3549fb08d1a29b798c4abf2520008e60cd1ea.jpg,414027
197,https://cdn.propzy.vn/listing/large/2021/06/21/listing_ab2b3da137629f49f2ac6a7a2263602f64f89d93ec4205c669cab5b7aa18cc6c.jpg,383801
198,https://cdn.propzy.vn/listing/large/2019/12/13/listing_02056b4cef4be2954465288d1a372cc96cb5f46eaad152f6d222d01e135a193f.jpg,114131
199,https://cdn.propzy.vn/listing/large/2019/03/20/listing_af600ae74448ce5dfb681c0fc8c6a6091c51e334a66fdfdbddf187d82b237aba.jpg,50551
200,https://cdn.propzy.vn/listing/large/2021/03/06/listing_e7e13357c5de340eb486b2c23519dff65f902c3282b33466f41455426fc6a7cb.jpg,337654
201,https://cdn.propzy.vn/listing/default_detail.jpg,354526
202,https://cdn.propzy.vn/listing/large/2019/08/10/listing_eca617429763ea34be5fde08149c17d8df50ea1febf60c5bfdc3352ce0f24c37.jpg,80563
203,https://cdn.propzy.vn/listing/large/2020/10/08/listing_8fe2579e84b82fc921e2ce56303901e70b15e9c6d7327f395732a351f54f2293.jpg,251306
204,https://cdn.propzy.vn/listing/default_detail.jpg,302619
205,https://cdn.propzy.vn/listing/large/2020/10/21/listing_4aa36a224d45fdd5dba69cec25cc5798c4572e91f41837825806284afd58502c.jpg,163741
206,https://cdn.propzy.vn/listing/large/2021/08/23/listing_f50bb2d7d628f72f37fd144e80fbbd5bab5b18d0525bc48e6fc3713f167e6d44.jpg,395862
207,https://cdn.propzy.vn/listing/large/2022/05/21/listing_70e66ded3da9f545fe070911383ae7be699dd2f48bcebb591c0fef120c4daa0b.jpg,416196
208,https://cdn.propzy.vn/listing/large/2019/09/23/listing_767d24bb74bf098659f64e9d80800dcb9d12cc8343e807fdc4cf817e9244efa9.jpg,91190
209,https://cdn.propzy.vn/listing/default_detail.jpg,381996
210,https://cdn.propzy.vn/listing/large/2021/11/18/listing_db58c3f33a10f30d1d1a8ee7f9bff36728cd5edd74224f3ff0dec335d0d1f2bd.jpg,393694
211,https://propzy.vn/propzy_assests/images/default_detail.jpg,131221
212,https://cdn.propzy.vn/listing/large/2021/06/16/listing_6fbcc716ed78f7c7b53a29bba1583efd8b34093f6e641fde13f8d2b8c4fdf9d2.jpg,381452
213,https://cdn.propzy.vn/listing/large/2020/10/21/listing_687351662c864536b8a51768ffbfcfead3d926b0eed2435199f1877da9efec26.jpg,260836
214,https://cdn.propzy.vn/listing/large/2021/03/27/listing_7d7842446c4cd24b2fc7683950d0b2c6f96eaa563f51f60e19b702e1cafeed60.jpg,345818
215,https://cdn.propzy.vn/listing/large/2020/10/03/listing_d801371dd576668211cfee3a9eaa2b0006998db8453fe4fbc1afe435d4d0ecb8.jpg,246497
216,https://propzy.vn/propzy_assests/images/default_detail.jpg,339055
217,https://cdn.propzy.vn/listing/large/2020/05/07/listing_aae47472caf3494d958e703a15fdb4d6e4abb8d50bd4fb3a16754bd9ac24c4ff.jpg,156751
218,https://cdn.propzy.vn/listing/large/2020/07/02/listing_3c40af3ca831e2f27caf540bcf9b49c7294dc05a85d5a2b11814ae1d49f7dd6c.jpg,83209
219,https://cdn.propzy.vn/listing/default_detail.jpg,301530
220,https://cdn.propzy.vn/listing/large/2021/04/15/listing_a9e0f641a6c6f12c2f457fdf733809d4dc1121bc05519734304a4cd0731fe8f2.jpg,207205
221,https://cdn.propzy.vn/listing/large/2022/03/10/listing_e264772b34aad4f51948ef0ecc0b38f7366b1ea90c3e5242dc72d26c72e6eb1c.jpg,409911
222,https://cdn.propzy.vn/listing/large/2021/05/08/listing_3e429e6a6407e2da55860e9888f4eabc416beed43e9650a483fcfe1a29fd86d0.jpg,330094
223,https://cdn.propzy.vn/listing/large/2020/01/10/listing_9574047e2061c733774f333c131a7d7ea1bf34aee0260152d9358eb6700e4b05.jpg,121143
224,https://cdn.propzy.vn/listing/large/2021/04/06/listing_d44c24bed3989f2a7061030068b90ed18a93705e7899c1e6ed02f4b9a15ede06.jpg,349989
225,https://cdn.propzy.vn/listing/large/2020/09/10/listing_e3df584f61d8144239e77da2bf8a534a67ea7f643d5ee8c92337179d7f2c46e8.jpg,228330
226,https://cdn.propzy.vn/listing/large/2021/04/24/listing_c559178b19349b0cafd58c0638f7d267cdf7dde9f9b81c452ff46c14dc78cb10.jpg,358037
227,https://cdn.propzy.vn/listing/large/2019/12/05/listing_e90eb1dfc17b696c34aa4b1a28b25acd2c246e0b3be126da0d698db328895d86.jpg,111821
228,https://cdn.propzy.vn/listing/large/2021/05/22/listing_3af920ae8e09bf7ad0b7d8003f86dfb15d0cc4b70d1fcb95f5bd6b5bd2fec183.jpg,370836
229,https://cdn.propzy.vn/listing/large/2020/04/21/listing_4668bed29a193c9a22ca398990a6449d40b948a6dfb5eded6558a0b7a070dd49.jpg,151933
230,https://cdn.propzy.vn/listing/default_detail.jpg,337484
231,https://cdn.propzy.vn/listing/large/2020/02/19/listing_5aa5fdea72bb8d630f35e93c60adaefd347226c3dbaf8bce03cf54525a1b5df8.jpg,125563
232,https://cdn.propzy.vn/listing/large/2020/04/14/listing_327513143a8c8a2daa74fb5ad9980691c568978942e88e942c7b9bd360e78eac.jpg,148948
233,https://cdn.propzy.vn/listing/large/2021/10/29/listing_6a4ee7ac9765d4ddc4edda4a142bb20a03b4567ef8d130c6fdba809a0c261068.jpg,402718
234,https://cdn.propzy.vn/listing/large/2020/06/26/listing_951e55f550408893c5ddebb4d6d21f5e5685127a8369293c49c14cdbb5fb198e.jpg,170790
235,https://propzy.vn/propzy_assests/images/default_detail.jpg,304111
236,https://cdn.propzy.vn/listing/large/2020/10/24/listing_31c83ddfa568fed53811281067d88695b4bdaf52556a4845725cc325450b4a23.jpg,262770
237,https://cdn.propzy.vn/listing/default_detail.jpg,359914
238,https://cdn.propzy.vn/listing/large/2022/07/14/listing_9c8cfd8f8cc5a3d82cb194b391a20ca907fcd6866e0e31a01f681f61ee728340.jpg,418617
239,https://cdn.propzy.vn/listing/large/2019/09/19/listing_41c7679bfe3d133641b7724922f53673e99cf81c4a17376725dc9b035585cbbd.jpg,90269
240,https://cdn.propzy.vn/listing/large/2021/04/16/listing_7e512cbf70139b5aec7c0cfc2fe29b3ff6b1e7e966575363d12fb8b696798459.jpg,352906
241,https://cdn.propzy.vn/listing/default_detail.jpg,31096
242,https://propzy.vn/propzy_assests/images/default_detail.jpg,357672
243,https://cdn.propzy.vn/listing/large/2021/01/20/listing_1053a6f85feb516a40eadef528aa96775f0403ab0623fbedb2a6ade6b3f13d46.jpg,328006
244,https://cdn.propzy.vn/listing/large/2021/05/05/listing_08124edfaaecedd50da1d0be7dd525cf3c07570dd54be07b3118ccca458878c4.jpg,361496
245,https://cdn.propzy.vn/listing/large/2021/01/02/listing_7fd7b079cf5fd5030176a70693202d0190d5819c2c477987f5d9e9f8043ec22a.jpg,316639
246,https://cdn.propzy.vn/listing/large/2022/07/07/listing_d2f49c4cb73d4821526b6613459b4d48bf5c18c6dc3e85c72d5ae2d778664232.jpg,418176
247,https://propzy.vn/propzy_assests/images/default_detail.jpg,372916
248,https://cdn.propzy.vn/listing/large/2021/11/19/listing_2434f12962ce7085ed6b466a97c244ef64998df04ac8238f79d4f78d2476938e.jpg,365454
249,https://cdn.propzy.vn/listing/default_detail.jpg,347469
250,https://cdn.propzy.vn/listing/large/2020/11/06/listing_c171f3862a5146e872a83df6637e7d93f7acda21b50284ce0232e7672e1c3d71.jpg,272117
251,https://cdn.propzy.vn/listing/large/2021/06/11/listing_192b759e349388fc0becef9950d63f97290ac660096c89d9e8967e7e72453dfe.jpg,380006
252,https://cdn.propzy.vn/listing/large/2021/05/03/listing_e127b341da5f83854acb7758dfbe89b886e79336378ca37b8029927a2a10f600.jpg,360460
253,https://cdn.propzy.vn/listing/default_detail.jpg,89425
254,https://cdn.propzy.vn/listing/large/2021/01/22/listing_e1ed24cdaec38958061dcbfefa04274658e6ce5afbb3b2bfe05f13a7c990cb37.jpg,325382
255,https://propzy.vn/propzy_assests/images/default_detail.jpg,334531
256,https://cdn.propzy.vn/listing/large/2020/12/09/listing_29801d8d0201105b557323457c091ea5b38596635232561be977d14918f6d843.jpg,301315
257,https://propzy.vn/propzy_assests/images/default_detail.jpg,238487
258,https://cdn.propzy.vn/listing/large/2022/02/19/listing_e7f9c00ae88e0b7ecc525b8c6da41fd048095f790f16a923bb63bfbf1c16ecce.jpg,408458
259,https://cdn.propzy.vn/listing/large/2021/02/23/listing_2ed5f6f382361d49354fefed6b7c6db9c38d3bfd2aef1d004fcd0b341179b054.jpg,89623
260,https://cdn.propzy.vn/listing/large/2020/10/06/listing_1fbc9cbbaa48bf23c481a13deeeae8210f0a08b61966e4f7b7ff16d60a19488a.jpg,248055
261,https://cdn.propzy.vn/listing/large/2021/07/21/listing_35035c01c5ff5fe3afc5ed2b3e3e09f622026a76bbb4d900e770557273e200ea.jpg,392129
262,https://cdn.propzy.vn/listing/large/2019/04/03/listing_336d8aa472ea118f7a83984b03748bf92e2e288842d4b1ac39623ea7e6263024.jpg,52303
263,https://cdn.propzy.vn/listing/large/2021/01/13/listing_7bc3d8381326d70551abfa76289291c6cd52194bdcc2ca1ba655c6e92ed9a2b5.jpg,323720
264,https://cdn.propzy.vn/listing/large/2021/01/25/listing_983e33fbb983c41a846552dee246c43733cefd7a4c601761b7b11aae8bee67ad.jpg,329771
265,https://cdn.propzy.vn/listing/large/2021/10/19/listing_e5e458c03b3d5fc9005e7a83efd228c167b0596082586a2c303973ceb810ded8.jpg,400480
266,https://cdn.propzy.vn/listing/large/2021/06/25/listing_f199a5680e5256b847c218e365c4abda3e6fdf26e4a6878caf7fc701c2941041.jpg,385151
267,https://propzy.vn/propzy_assests/images/default_detail.jpg,307238
268,https://cdn.propzy.vn/listing/default_detail.jpg,307199
269,https://cdn.propzy.vn/listing/large/2022/05/06/listing_daf45f333afa41a904bb73da1f8548db933937409cebb43cd8e2132d4ca80c3e.jpg,414850
270,https://cdn.propzy.vn/listing/large/2020/08/07/listing_12ef8574dbef0b4a28938b8e17fe60a85073a576c28ba9e1301f8c33fd7de2c7.jpg,106598
271,https://cdn.propzy.vn/listing/large/2022/04/25/listing_50c0697742eb72c8e0d726ffc6f41eee733d4f37acdc170d74bf495e6ac2a95a.jpg,413850
272,https://cdn.propzy.vn/listing/large/2020/08/07/listing_dd29e028487d6e10988430847be22848eef70832000f41953f862a3cab2693c7.jpg,74566
273,https://cdn.propzy.vn/listing/large/2021/02/24/listing_121a89a59884863e2d5b15a3c8a7bca1c277fe1e087a6fbfbaadf2eb6732848e.jpg,333970
274,https://cdn.propzy.vn/listing/large/2021/06/02/listing_48bbb518d00b82f466c27627c4461a75c2174657949954fa216b5166270bb746.jpg,375496
275,https://cdn.propzy.vn/listing/large/2021/05/25/listing_93602a199f475e00c4dec7dc66938e032944be508e8eeac6fff19edf19f653cf.jpg,220480
276,https://cdn.propzy.vn/listing/large/2020/02/26/listing_c3833c24cbcbfc2272d113d4b65c35fc58b6c7e17954ca27f1139b19b306b067.jpg,130777
277,https://propzy.vn/propzy_assests/images/default_detail.jpg,375240
278,https://cdn.propzy.vn/listing/large/2020/08/12/listing_10d2d1c581e533a89aea44fe24b88554c55f397748cdd508057ee1bd96fb0095.jpg,205718
279,https://cdn.propzy.vn/listing/default_detail.jpg,324956
280,https://cdn.propzy.vn/listing/large/2021/05/18/listing_be545744db317fd043d5d552252ec475b004c1a982327e793990d8ddca5e652a.jpg,368427
281,https://cdn.propzy.vn/listing/large/2020/09/21/listing_465962466c4c748d46ced1d98df4113ed3bf8b879561f9a2e09b08eb8ef29cb2.jpg,48040
282,https://cdn.propzy.vn/listing/large/2021/06/12/listing_cb7218ceb8816363bf62ddec08da1c94daf844ed920182c68f77808d00b9fad5.jpg,380222
283,https://cdn.propzy.vn/listing/large/2018/12/03/listing_f05a9d235fa79e96f4372e05ed7076288a855499d94de5391239f494967467f7.jpg,40704
284,https://cdn.propzy.vn/listing/large/2020/07/06/listing_598882cb10236061e4bbde063b21ad3831a3deba3421197a462308fc6fa94266.jpg,173306
285,https://cdn.propzy.vn/listing/large/2019/05/28/listing_d75cfb2ea079a2c983134f9cdc8ac5db189823a9dfddcee06ad280487046bb79.jpg,62167
286,https://cdn.propzy.vn/listing/large/2020/09/11/listing_2b625d696e14b01942438a171bf7287f80e5e692ca21fbd1830b72ee882c01b3.jpg,229262
287,https://cdn.propzy.vn/listing/large/2020/07/27/listing_68235c542cc65f409d9a9675860391d9a94f06644bee1c9285c5180ba6031f9c.jpg,197616
288,https://cdn.propzy.vn/listing/large/2022/05/14/listing_3fd368a396531bb5e6860833ca6b86ba0695717e1c259ada329c8fa4135bc1e4.jpg,415691
289,https://cdn.propzy.vn/listing/large/2021/04/17/listing_114d6cb23738fa3ffac290029c46b22ca70f6da5fd9f6d8a82e60ce32360fb72.jpg,355300
290,https://cdn.propzy.vn/listing/large/2020/03/10/listing_b8000fcffa15a51bccde050e1de4099e585e7453411aa90015f9ba4b3b4900a5.jpg,136621
291,https://cdn.propzy.vn/listing/default_detail.jpg,65722
292,https://cdn.propzy.vn/listing/large/2020/09/09/listing_80d7f84139f3b93259b6e3a1941f6e86f21952fead399def6999ecb16477985f.jpg,227617
293,https://cdn.propzy.vn/listing/large/2020/03/11/listing_495c46374b2cca172958b40faf875173408a44143dbf5186954bdd8c3e8bc968.jpg,137209
294,https://cdn.propzy.vn/listing/large/2021/03/10/listing_d3e22a51a15e6e164f8fc5959b221effe25e969ea8ae8873086cc7a7491c6820.jpg,338770
295,https://cdn.propzy.vn/listing/large/2022/01/11/listing_639795e9a34b08858b7d800b7131b78dca430c003bb8e33da7e6da4b23570afe.jpg,407072
296,https://cdn.propzy.vn/listing/large/2022/04/20/listing_1a1034725c002fd7756db1b0578c685c46bb6d63f08f10e9e11512ddffc1bdf5.jpg,399949
297,https://cdn.propzy.vn/listing/large/2021/01/08/listing_060c5980fd2939328f0b2ec7e3df0e73effdcea52d1a3aa021a819495e1af1a1.jpg,318058
298,https://cdn.propzy.vn/listing/large/2020/12/09/listing_665cd26876afaab8ba8fbab2aaba6eb221853c4e12b2f5f53a411fc405fb8555.jpg,301193
299,https://cdn.propzy.vn/listing/large/2020/08/07/listing_86abe2f93562016554d392d389f0c59a8f087197d27999b4189d8881fc0be029.jpg,97466
300,https://cdn.propzy.vn/listing/large/2020/12/31/listing_1ccd834f6f3e51c650421160882f92d45335df5f0f447f46f8304e4ad286d887.jpg,315948
301,https://cdn.propzy.vn/listing/large/2020/11/17/listing_2f0afe741ce3dc76d90d17e7492af7c3baa79c55f901781ba67f19ba49b486ad.jpg,281261
302,https://cdn.propzy.vn/listing/large/2021/06/01/listing_d31976b471ef969840be17e1acf59593ae7bece24fe2ff2d3f4f9cfd21238045.jpg,374856
303,https://cdn.propzy.vn/listing/large/2019/07/02/listing_4393140ee08ffaee580999f94ce4a762af4c7bb8a78ad9e3e13a630bc2446678.jpg,69772
304,https://cdn.propzy.vn/listing/large/2020/08/07/listing_84b5e614f45a3e9a760a601f2e5721046e79d6e226d4d2f8cc421eaeef8e196b.jpg,174682
305,https://cdn.propzy.vn/listing/large/2022/04/29/listing_68906e2af5285d109dc939b272132dde8fa48250fb4adf58efcb6c28c5e64659.jpg,414223
306,https://cdn.propzy.vn/listing/large/2019/11/07/listing_8e11f856f4f6df691105834a3907676dab2a429dbc49585fb7effa1781592e2b.jpg,103961
307,https://cdn.propzy.vn/listing/default_detail.jpg,403179
308,https://cdn.propzy.vn/listing/large/2020/08/07/listing_efa12f7cd122e180ee30dd50e82fcd972cf7e36638c91f151a1217d4c669c828.jpg,102299
309,https://cdn.propzy.vn/listing/large/2020/12/08/listing_acc4ea66dadde77dcd0acff37dab785a289ca848fb845300cab64a2b882c0e3f.jpg,297725
310,https://cdn.propzy.vn/listing/large/2021/07/23/listing_c4d00b8a38ae6ffdcd83dd9a5159de0c73b1c1381bf9526e8d5e16f3e72a4d5a.jpg,350092
311,https://cdn.propzy.vn/listing/large/2021/10/30/listing_03083fe14f3e7b8a834a9df7c5f8aac187457f0d9fa96945e83274850b4c29d5.jpg,402805
312,https://cdn.propzy.vn/listing/large/2021/01/21/listing_ed9b03619bbb8a7761b377e8e7a984a1a0c28b18f797eeae692a3749449a814a.jpg,296176
313,https://cdn.propzy.vn/listing/default_detail.jpg,222076
314,https://cdn.propzy.vn/listing/large/2020/07/27/listing_97c61d68fe3517d005537e152367b72b2ae893cf045c737581d31363acd4b064.jpg,196473
315,https://cdn.propzy.vn/listing/large/2020/10/19/listing_3e2ad1a2ff82d6e758d5fe2c3bda7b8312c3c6c986568341f56581bb3ea8efeb.jpg,258800
316,https://cdn.propzy.vn/listing/large/2020/09/08/listing_58b00fb29d1f69828a56fbea3a43aca1559c1f267390d7523240c1f1921508c8.jpg,230283
317,https://cdn.propzy.vn/listing/large/2020/06/30/listing_3d4097338771e333f8b77e5838b9f93e980ab9cd137a3a33cf6d6ed9053fa54c.jpg,135088
318,https://cdn.propzy.vn/listing/default_detail.jpg,397530
319,https://cdn.propzy.vn/listing/large/2021/04/19/listing_39f60ebd5658dfe055941f0367bf61d2cfff0893a693ccd639da837b4c813923.jpg,356404
320,https://cdn.propzy.vn/listing/default_detail.jpg,395956
321,https://propzy.vn/propzy_assests/images/default_detail.jpg,352968
322,https://cdn.propzy.vn/listing/large/2022/01/07/listing_e696cdc826dda7f8965753f5c89c270f3cba04f5f174f81ecd7265cb5d6a6429.jpg,406680
323,https://cdn.propzy.vn/listing/large/2020/06/24/listing_aeab9390dc16211b7456dbc5204c3ad1717445650168f80f758bd567be0ae161.jpg,179188
324,https://cdn.propzy.vn/listing/large/2020/07/07/listing_5f1ca40e5b653d1846312e927baba337d022c08c4810d8ad977597c414f46642.jpg,185486
325,https://cdn.propzy.vn/listing/large/2020/06/18/listing_92007edadb9edd0b4cedfc949f0ad9be36ca1ca0c0217152be73feb5dcb69c2b.jpg,13813
326,https://cdn.propzy.vn/listing/large/2022/01/08/listing_82c9d99a9332162580dcc1eb822928c0c6051c68d88406bbd5046571161fb502.jpg,406852
327,https://cdn.propzy.vn/listing/large/2021/06/15/listing_783ba18a9756656c70efdb92a5de3a8aab0a4352aa2312fad357b664fd6ebe8a.jpg,379391
328,https://propzy.vn/propzy_assests/images/default_detail.jpg,30120
329,https://cdn.propzy.vn/listing/large/2021/02/19/listing_ee2a474ff5478eeae533425eee2d6504714a7c6c7fa135ae3bbe63efb14fbc53.jpg,332920
330,https://cdn.propzy.vn/listing/default_detail.jpg,180226
331,https://cdn.propzy.vn/listing/default_detail.jpg,329569
332,https://cdn.propzy.vn/listing/large/2020/10/29/listing_bda4c1550240ef7e9fab5aec3efe536ba55bb5b258b034c06c595f97110de437.jpg,156903
333,https://cdn.propzy.vn/listing/large/2021/05/27/listing_a071614393e0b867858b16567e38c75a163423ec74eda0f3aa6a453913a8ecb8.jpg,372861
334,https://cdn.propzy.vn/listing/large/2021/03/09/listing_2e95c74268b99722e81fc432607e516ce27dc39a0c405256d191dfb64561bb7e.jpg,338013
335,https://propzy.vn/propzy_assests/images/default_detail.jpg,101159
336,https://cdn.propzy.vn/listing/default_detail.jpg,379699
337,https://propzy.vn/propzy_assests/images/default_detail.jpg,326317
338,https://cdn.propzy.vn/listing/large/2020/12/14/listing_b87a25dfe0ce7289073aa955566569a455187fe884b757cbf06816514bdf9710.jpg,303900
339,https://cdn.propzy.vn/listing/large/2021/03/04/listing_ed1d8c70d6ac7e4c339112bcc856900861429edf762ad32968757b6770d00a45.jpg,338633
340,https://cdn.propzy.vn/listing/large/2021/03/15/listing_b126d2d46aab7d925b2c928a93dc2c7c70de915c012d0e0f2e3bf1e644e73bb4.jpg,336465
341,https://cdn.propzy.vn/listing/default_detail.jpg,169750
342,https://cdn.propzy.vn/listing/large/2020/08/07/listing_887feb845b985df646e2d495a78553cee2bd4272073eb019f476ca2961448c39.jpg,86596
343,https://cdn.propzy.vn/listing/large/2019/10/10/listing_8e9292be4836ca464d03856c98ad955c155dc8099e38921be1b3bbed7b314079.jpg,96773
344,https://cdn.propzy.vn/listing/default_detail.jpg,342806
345,https://cdn.propzy.vn/listing/large/2020/11/07/listing_f7e53a5eb25b26cd3ecc37327979cb512a473e84884d0b2704aa1d3f70251bdf.jpg,273001
346,https://cdn.propzy.vn/listing/default_detail.jpg,364800
347,https://cdn.propzy.vn/listing/large/2022/05/20/listing_d03bf42984466f92fd4d1fa309e5be7be6fb79018bb432c6517e8c0d75a3485e.jpg,416090
348,https://cdn.propzy.vn/listing/default_detail.jpg,367953
349,https://propzy.vn/propzy_assests/images/default_detail.jpg,378091
350,https://cdn.propzy.vn/listing/large/2021/05/17/listing_08c4cc8cb30cb861793aea3b7ba898e02a59bd1ef2461e8acaefacba8261d776.jpg,367447
351,https://cdn.propzy.vn/listing/large/2021/04/12/listing_c252bc706654e971533592a9358abfd9af5b4baf5dbe606d04a71a72722a4bdd.jpg,352732
352,https://cdn.propzy.vn/listing/large/2019/10/31/listing_cec8989db5212408120d8dbe08618ad97f304cf06a2b056b6ba9fa4e96fdafa0.jpg,101915
353,https://propzy.vn/propzy_assests/images/default_detail.jpg,41688
354,https://cdn.propzy.vn/listing/large/2021/04/12/listing_c252bc706654e971533592a9358abfd9af5b4baf5dbe606d04a71a72722a4bdd.jpg,352732
355,https://cdn.propzy.vn/listing/large/2021/03/24/listing_20a71d34178937ce46f257da43150a7228bdad9fa537acc249df6c999aa8d6f1.jpg,344746
356,https://cdn.propzy.vn/listing/default_detail.jpg,324556
357,https://cdn.propzy.vn/listing/default_detail.jpg,93205
358,https://cdn.propzy.vn/listing/large/2020/09/03/listing_3e49a00ff030afad97c876087216b2e721d802ec6c64d9f80aff27c9ea31f7cc.jpg,223485
359,https://cdn.propzy.vn/listing/large/2021/08/03/listing_9bf321ce180d5b7e5ecdac0ffe9740e96f466dc6c4aff081375bbcca4f3e1e35.jpg,393442
360,https://cdn.propzy.vn/listing/large/2022/03/12/listing_f817b9cb71b3fc317bf1936a98219d2b6938c1caba9df9f573ca71a74d58f2a9.jpg,410192
361,https://cdn.propzy.vn/listing/large/2022/03/21/listing_f1bae974f38b9b93df000d2b8a4b9846725e239b1b8301c5ea3634d85d7bc89d.jpg,410785
362,https://cdn.propzy.vn/listing/large/2022/01/07/listing_33e43fad15b6682d87f7c51de7c4f2b3315dedfd0c2f666cdf56b40e7b14695b.jpg,406715
363,https://propzy.vn/propzy_assests/images/default_detail.jpg,347743
364,https://cdn.propzy.vn/listing/large/2020/12/17/listing_87e33c8341bb9d819b05afe50a7a69daf4af28b2758d6935471abfe9f6c62677.jpg,306968
365,https://cdn.propzy.vn/listing/large/2021/06/08/listing_f9ee8affeaf4cf5b868609bb77cb8032416b74ef2e858d988fbfc0ec626de2b5.jpg,378165
366,https://cdn.propzy.vn/listing/default_detail.jpg,395632
367,https://cdn.propzy.vn/listing/large/2020/06/10/listing_c9b1a888b659afba86167623305fd97c1bb473d7af5dfc5c0b20cfdd8d68430f.jpg,172450
368,https://cdn.propzy.vn/listing/default_detail.jpg,122748
369,https://cdn.propzy.vn/listing/large/2022/03/20/listing_7df4ec023a09f94e168b2224f3973a9b5ee519d230ef3a17cbb073f664ae0ee1.jpg,410796
370,https://cdn.propzy.vn/listing/large/2022/06/15/listing_d5c3e9058d19ce0bed4b18d84c9de78606eadd4ff02bbc997f733dbf861f4407.jpg,417148
371,https://cdn.propzy.vn/listing/large/2020/12/18/listing_6fdebfeb6e8d6d5512536c69652b88ea9a99e1c4085b087458b15c5f8936d5e4.jpg,307351
372,https://propzy.vn/propzy_assests/images/default_detail.jpg,76084
373,https://cdn.propzy.vn/listing/large/2019/12/11/listing_22cf713acf597dc347e42df3510f13622dde1e53476adabb4b4bbbaf70350e9f.jpg,111836
374,https://cdn.propzy.vn/listing/large/2021/11/27/listing_214e1111f53bc77ea47fb8a98152a20d56dceda3c7698d986e9cfd6419738d19.jpg,402181
375,https://propzy.vn/propzy_assests/images/default_detail.jpg,349550
376,https://propzy.vn/propzy_assests/images/default_detail.jpg,271881
377,https://cdn.propzy.vn/listing/large/2021/06/19/listing_36e25437a03a27dd3e1b32aaccabdf2a90df4aaa1873a788e4987f0c4d3068da.jpg,382981
378,https://cdn.propzy.vn/listing/large/2021/10/07/listing_6ef6361245ac5f4136f6d8f30dd455da1ae8cca322dbc187bb1235a2e50eaa93.jpg,399349
379,https://cdn.propzy.vn/listing/default_detail.jpg,393543
380,https://propzy.vn/propzy_assests/images/default_detail.jpg,363327
381,https://cdn.propzy.vn/listing/large/2021/05/10/listing_3e0a46e93b444079de3a4672ef11dfa0208b11b1648d43d81a40f2ad9a7ff94b.jpg,359114
382,https://cdn.propzy.vn/listing/large/2021/05/11/listing_73d9e16191ee1e67525c10035928ed1edc48a648a02a944139b893dbec30ae68.jpg,364661
383,https://cdn.propzy.vn/listing/large/2021/06/10/listing_2091e27a110e129258a85e720b2fcbb78a94011651c4aac230940d891b36e2e6.jpg,379497
384,https://cdn.propzy.vn/listing/large/2022/05/30/listing_e3126345f2a9e4acbf3c3cfe6b3e9ce4e091ab1355ae67869a96d8d17cf9cbd8.jpg,416596
385,https://cdn.propzy.vn/listing/large/2022/07/18/listing_7667e3238a7f1d396a0241afefe7e1cc6e0c66cb035253818672d2e824892d68.jpg,418815
386,https://cdn.propzy.vn/listing/large/2020/11/11/listing_c2a20909be5c5a76123774a106c8b9cd59848e3a1b81a9ca62682212086fb77d.jpg,276148
387,https://cdn.propzy.vn/listing/large/2022/05/06/listing_ab65b09b8296dc2b160aca9cfa86b30f37de54a9a3767942749f3ac95a41f9b9.jpg,414859
388,https://cdn.propzy.vn/listing/large/2021/03/21/listing_c4fd9655f92aa4648b2924ce402712c02a0d1f139cb341e2acaeb136324f8811.jpg,343526
389,https://cdn.propzy.vn/listing/large/2021/04/23/listing_ba7334a42f633076caec4a23b37decee9d7138c8b4e6c70ef256a3a7bd9f0145.jpg,356119
390,https://propzy.vn/propzy_assests/images/default_detail.jpg,361296
391,https://cdn.propzy.vn/listing/large/2021/04/14/listing_16cfb969585a97b79fdfd0cf45a21cf539a4a294b830a843f58cf6f82fae8ddf.jpg,163440
392,https://cdn.propzy.vn/listing/large/2020/05/25/listing_41cab1debdc65467266bb22328661fdf3f3ac3628af570a67c27332647ef2ec5.jpg,164688
393,https://cdn.propzy.vn/listing/large/2021/03/11/listing_625cdbcd4fba43ca1eec6297011647ba1a856e886630d1ffc1b56814c9e4663f.jpg,338965
394,https://cdn.propzy.vn/listing/large/2021/10/08/listing_4ad2816b77fa5eccf75d18af5d465a982ce761caa92550f8a40f2165baca4518.jpg,399523
395,https://cdn.propzy.vn/listing/large/2022/03/18/listing_abe8189de9255c53ddb1bc98ffd29bf3792eda5a6ff50eb2acc6be431fd832e5.jpg,410689
396,https://cdn.propzy.vn/listing/large/2020/08/11/listing_d929c970c7f05da003e3b6e6cada96faa3a08cb289b9bcd7df4253d0429c8477.jpg,123066
397,https://cdn.propzy.vn/listing/large/2022/01/25/listing_a0c917f96769aaec13e6a9c42614e22adc389296f457ed64dd2956e327051589.jpg,407526
398,https://cdn.propzy.vn/listing/default_detail.jpg,327559
399,https://cdn.propzy.vn/listing/large/2022/04/07/listing_e99488c78ba2b9f87487742a7d0cdda11ffa181e674c0b589a71d68ecdb531ee.jpg,412537
400,https://propzy.vn/propzy_assests/images/default_detail.jpg,357368
401,https://cdn.propzy.vn/listing/large/2021/03/30/listing_1bf5f2e5cd86a5b0e0d6e6b4c2e09bf79f47b14ea038fef7750c7408963fb936.jpg,346602
402,https://cdn.propzy.vn/listing/large/2020/08/05/listing_a6521fa330c455278570926a06e50c7ba61d27206ce0f6dd7028c5556891996b.jpg,150436
403,https://propzy.vn/propzy_assests/images/default_detail.jpg,136174
404,https://cdn.propzy.vn/listing/large/2021/04/24/listing_66dd2e8cc1530bcf88de2f4090d0938ab818893bace92e23e020aa3ac520e048.jpg,357851
405,https://cdn.propzy.vn/listing/large/2020/06/06/listing_4f16217902fd81fdf50341fe8adbb8d42b6032d7e8ca577e6fdb4631ff13ba42.jpg,170620
406,https://cdn.propzy.vn/listing/default_detail.jpg,104069
407,https://cdn.propzy.vn/listing/large/2020/08/05/listing_7dc52e1cb8df8edde589fd9ffe2327b41594624ed63d330927677b86ac7074ee.jpg,171458
408,https://cdn.propzy.vn/listing/large/2021/05/17/listing_6c09c969f5dec6a5c10bd329c4bee0be1d206d3ee957f589e32869704d230b2c.jpg,367645
409,https://cdn.propzy.vn/listing/large/2021/06/29/listing_09ba26e4fe9004f5c4318445390a156360717de6ab2fb792bbe4bacf54820d60.jpg,386581
410,https://cdn.propzy.vn/listing/large/2021/12/07/listing_1e2510cc77852712389794e6ca6742448a66543ce9e0afacbbeaaf7e135a7d14.jpg,392426
411,https://cdn.propzy.vn/listing/large/2022/08/22/listing_799f4ce9afef2f75606ae2f8aa5c76ceb1908f4380c59840b42c5e10afc94ed8.jpg,420126
412,https://cdn.propzy.vn/listing/large/2020/05/04/listing_3e9213212f91f335ec06fd90594bd4eb56ad99b0e708f96679c706c663c953d8.jpg,155054
413,https://cdn.propzy.vn/listing/large/2020/11/02/listing_55cc26c53a1ef88ebb5d978abc77b381ba4f2930ee95009f33fcbb4ca3edd5dc.jpg,269248
414,https://cdn.propzy.vn/listing/large/2020/10/10/listing_eac375d1f6e86e5668889d9afae1e3f3448b0f297d200613addc9dea69289589.jpg,252860
415,https://cdn.propzy.vn/listing/large/2021/05/31/listing_b75508006593b28a9c987f1f21327457fb51ccedfaefaf1cac05cab7d6c77eb8.jpg,373636
416,https://cdn.propzy.vn/listing/large/2019/09/30/listing_a251743cb9cef49054a222dad1567afa0803e5767b6795493580a9ce10ee77bf.jpg,93667
417,https://cdn.propzy.vn/listing/large/2022/04/18/listing_be0f110320f19731fdf6c9b93b84f97004d3597e8a59570a8f02431d4262d59a.jpg,413466
418,https://cdn.propzy.vn/listing/large/2020/12/03/listing_7b7ddcf6702a42062899ee400c2e73b246fcaffe54709f7bc098784972a99dad.jpg,294589
419,https://cdn.propzy.vn/listing/large/2020/05/04/listing_3e9213212f91f335ec06fd90594bd4eb56ad99b0e708f96679c706c663c953d8.jpg,155054
420,https://cdn.propzy.vn/listing/large/2020/10/10/listing_eac375d1f6e86e5668889d9afae1e3f3448b0f297d200613addc9dea69289589.jpg,252860
421,https://cdn.propzy.vn/listing/large/2022/02/28/listing_6528919f8db5267be7b4f9b00ffbf01e3196e9beae2c25df92fed0741e09b1fd.jpg,369927
422,https://cdn.propzy.vn/listing/large/2021/05/31/listing_b75508006593b28a9c987f1f21327457fb51ccedfaefaf1cac05cab7d6c77eb8.jpg,373636
423,https://cdn.propzy.vn/listing/default_detail.jpg,330240
424,https://cdn.propzy.vn/listing/large/2021/05/28/listing_f6a2590bc693d5fdc24d82bb7344952f438cff029f66a34f425672121124d467.jpg,373460
425,https://propzy.vn/propzy_assests/images/default_detail.jpg,348463
426,https://cdn.propzy.vn/listing/large/2020/12/02/listing_9ada6836b157abb5e27dc3ad8efcf432aa71970ef3b479402b9de506f27c845f.jpg,294080
427,https://cdn.propzy.vn/listing/large/2019/08/26/listing_3fcbef14d479f012dba17eee9e8aa4be7c8d3a48811ca9091c743561e11f6cd0.jpg,84598
428,https://cdn.propzy.vn/listing/large/2021/01/08/listing_dee884755ceec6eef1d4cd12fe01d0d041162525aff4f80e9a08c816d6494534.jpg,303260
429,https://cdn.propzy.vn/listing/large/2021/03/04/listing_1b5cf06ed14f3237a2d3e8ac1b0a746f506cdb73e32a34e7d51d18fb159623ae.jpg,336958
430,https://propzy.vn/propzy_assests/images/default_detail.jpg,260931
431,https://cdn.propzy.vn/listing/large/2021/05/10/listing_b048cfd1ef4bd84b7d7e861198571ac51272f9e3a2280ddccc7ba4c99089cfdf.jpg,363917
432,https://cdn.propzy.vn/listing/large/2022/06/03/listing_c3cfacef367070e8d3cd3e4041dd6218880eeb878494f4d45d09e0133ea87873.jpg,416763
433,https://cdn.propzy.vn/listing/large/2019/11/27/listing_fee03b88e64af9e0aaca24e3c762cced1a2591181f81faf64e95ac2fb61b4624.jpg,109487
434,https://cdn.propzy.vn/listing/large/2020/05/22/listing_e318c90d41588d2e48736732adbd80fbe368cf57b3cd570b29aab6335347a102.jpg,163608
435,https://cdn.propzy.vn/listing/large/2021/10/01/listing_286baf610a75def4b09e962869e144a83907f55d438db1595c76eb8c3eae48d7.jpg,398556
436,https://cdn.propzy.vn/listing/large/2020/12/16/listing_19ba8e4a27759b7c31db4bdb2cbe0dafdb5bd77950970b92e74552bcc4be0e97.jpg,305882
437,https://cdn.propzy.vn/listing/large/2022/05/03/listing_febd1a85868ada9144b11e3431c16280fbcf0de984202e1a9907a10ccc4cdc7e.jpg,414427
438,https://cdn.propzy.vn/listing/large/2020/10/09/listing_a1f3d507cbd0f9811981fddbd5c52b5804ac66f2d60e01b446ec3a017ea7383b.jpg,238331
439,https://cdn.propzy.vn/listing/large/2018/12/22/listing_d72be0eaab3246768768d20b491540493e5321e9c3eb2beda3da9f7ebbc0db2a.jpg,43621
440,https://cdn.propzy.vn/listing/large/2021/04/19/listing_530eaada68a30e5972bae53cc643da2f93e4266135abad22950039d67ebe134a.jpg,355949
441,https://cdn.propzy.vn/listing/default_detail.jpg,260806
442,https://cdn.propzy.vn/listing/large/2021/05/04/listing_4b38b468aa55edb1d3a9530f7a995613150e2351e5bdf0e7fd464c8423deaa49.jpg,361076
443,https://cdn.propzy.vn/listing/default_detail.jpg,385473
444,https://cdn.propzy.vn/listing/large/2021/01/02/listing_74403abecf899e4b233e89b5a99db5cd47ed76c901849c37acedfb0a561f4421.jpg,316726
445,https://cdn.propzy.vn/listing/large/2022/04/15/listing_10a05eab2690d4a8c67744cefc39518d0b65d43a97ebd47b1d24118cccc84cdd.jpg,413157
446,https://cdn.propzy.vn/listing/large/2022/03/08/listing_14a06758b9a93a41f68138f0e2d055585e0f6627d7ae3e74739c6be64573020a.jpg,409805
447,https://cdn.propzy.vn/listing/large/2020/10/27/listing_c30226875d1817549c36c5ee1b4860584820aa47135f0177afcf47490f4decb6.jpg,264819
448,https://propzy.vn/propzy_assests/images/default_detail.jpg,341147
449,https://cdn.propzy.vn/listing/large/2021/03/30/listing_d8e2378b46345ce29d9118d9d71ba386957107e75492921a74138729a9b5f4d5.jpg,346684
450,https://cdn.propzy.vn/listing/default_detail.jpg,390824
451,https://cdn.propzy.vn/listing/large/2020/12/21/listing_612cdf9c0e6ec91399a555e78c87804db500e741541fc5305c729d401a39ef62.jpg,309103
452,https://cdn.propzy.vn/listing/large/2021/03/27/listing_d9bf4502834a1fafaeb717846ee2fdfa86c14cd3f59643e984415c6cc8d94586.jpg,345770
453,https://cdn.propzy.vn/listing/default_detail.jpg,195206
454,https://propzy.vn/propzy_assests/images/default_detail.jpg,304339
455,https://cdn.propzy.vn/listing/large/2021/07/07/listing_0635da24c6bd1ad71f41439a9814f9975eed211d6777138a31a27f691b34ebb1.jpg,389456
456,https://cdn.propzy.vn/listing/large/2020/07/16/listing_5b43c822a03241d537a5e49cfa8d7906628f596a78bde1918a30d5739ff6617f.jpg,190260
457,https://cdn.propzy.vn/listing/large/2021/03/12/listing_3cb43999722537be1e8e4ea59d87cb171ca4f0625876e868c74bc63d8a2252fe.jpg,339501
458,https://propzy.vn/propzy_assests/images/default_detail.jpg,356269
459,https://cdn.propzy.vn/listing/large/2021/03/18/listing_a7abdf2081a20177b393f9fd8965914f4bb91fbbc3d315dfc285be4c4a09f3e3.jpg,113885
460,https://cdn.propzy.vn/listing/default_detail.jpg,352556
461,https://cdn.propzy.vn/listing/large/2020/12/31/listing_192e1f08b1deb5ab87e3afe483806302316ee903d690359c1a146e2b0898ebd0.jpg,176304
462,https://cdn.propzy.vn/listing/large/2019/09/12/listing_7e8aa1a8ebe2ea12716d69510f6e0193ef81cb124a1596ee1e1b8b7d11b47a52.jpg,74887
463,https://cdn.propzy.vn/listing/large/2021/05/12/listing_80f015097509f7dfb9fc9828129cf7097a580640cd7c12ba3b1a67c28b1a33ec.jpg,365410
464,https://cdn.propzy.vn/listing/large/2020/11/03/listing_2bd0c3fe1e9c0d2cce9e5e3b647e0292b75f8bf2a164b953e3dea9c41d2a8720.jpg,269656
465,https://cdn.propzy.vn/listing/large/2021/04/14/listing_6568f108bda1459db139c0dff6cbe71250eb32b43c6e066e7b3382197f95e742.jpg,312743
466,https://cdn.propzy.vn/listing/default_detail.jpg,379452
467,https://cdn.propzy.vn/listing/large/2020/03/24/listing_ad6941f3567dfeb490851020c34c7a851fc40f4cdedfa63f207cd22cf9a5825b.jpg,142665
468,https://cdn.propzy.vn/listing/default_detail.jpg,376230
469,https://cdn.propzy.vn/listing/large/2021/08/26/listing_fc32775ff8166444cd5624027d6fc36f643dc9ec640fc5b2130fe922a1e76ff1.jpg,396019
470,https://propzy.vn/propzy_assests/images/default_detail.jpg,150766
471,https://cdn.propzy.vn/listing/large/2018/09/11/listing_d56133ecce0728ef0509795f8353c5c2c1b9bee2f99a54a110e5543a0fa42c18.jpg,32516
472,https://cdn.propzy.vn/listing/large/2020/03/24/listing_32e89ce394a5aa3a5f26c2493a237444097135d4efb05e2e48d3e178135f5caf.jpg,142986
473,https://cdn.propzy.vn/listing/large/2020/12/23/listing_fc2e2abdf2e2f4758be0472885498c058ab600073eacd44349413f6d13581ba9.jpg,310961
474,https://cdn.propzy.vn/listing/large/2020/06/02/listing_3fede3fdd0f2ba7ed3a9f00a76735292e551276382af414e602261edd72483da.jpg,167928
475,https://cdn.propzy.vn/listing/large/2020/02/29/listing_8e509d26fc57f47d5cdff527b4da64deb0202a99d304077ed143c176f08f9f2f.jpg,131371
476,https://cdn.propzy.vn/listing/large/2021/10/26/listing_c9bcaa1682c2870dac30c225ecb8f51591cb584facce2f491887353d21729195.jpg,129493
477,https://cdn.propzy.vn/listing/large/2020/10/29/listing_0f5eef3271882ac16344402fc272ed83d33e10f98f269adf9ce7b10cd1bd96d7.jpg,266941
478,https://cdn.propzy.vn/listing/large/2020/07/29/listing_d4ec7815980f092e4b5681757d3ca7c7eb5aacc256f71a79a45b7f13f51bdcd2.jpg,197520
479,https://cdn.propzy.vn/listing/default_detail.jpg,400879
480,https://cdn.propzy.vn/listing/large/2020/08/07/listing_2dcd5a28db08ee74d223cff76a5712dfd0f22c5d3bea691d53d58b16e2dbe5ae.jpg,145978
481,https://cdn.propzy.vn/listing/large/2021/12/25/listing_f516da7523fcc5fc8c908265d3b416e99fe1935e3e73f45d280b813dd3a09a4f.jpg,405636
482,https://cdn.propzy.vn/listing/default_detail.jpg,388153
483,https://cdn.propzy.vn/listing/default_detail.jpg,390355
484,https://cdn.propzy.vn/listing/large/2019/07/25/listing_60843d46071a65a3a6af316850c17e6a7f06bf9d00d9b2a852f4516c35b367a1.jpg,75850
485,https://cdn.propzy.vn/listing/large/2021/06/15/listing_e4911199c840232ededa4584f7ce7cdeb3e2fe9d5579a2508b5203acaa208539.jpg,381593
486,https://cdn.propzy.vn/listing/large/2021/08/19/listing_673313c24ab13c25762d7002bb3a190006c4be426d26d9a8c647af474036ebc6.jpg,395624
487,https://cdn.propzy.vn/listing/large/2020/09/09/listing_c8815f666333cc356c07d56c8ce548e76a9d07c471c8644856d1536ffd55a903.jpg,227379
488,https://propzy.vn/propzy_assests/images/default_detail.jpg,353952
489,https://cdn.propzy.vn/listing/large/2022/05/23/listing_5b1c840ea38a4ac4f07a879c357e6a10be80aee252c4e5890a9b4d04ce3abed7.jpg,416255
490,https://cdn.propzy.vn/listing/large/2021/03/11/listing_c76aefc44fc100325794ad50d9eda3c627a2ac57e0742eaee92cfc029010ecca.jpg,338789
491,https://propzy.vn/propzy_assests/images/default_detail.jpg,353054
492,https://propzy.vn/propzy_assests/images/default_detail.jpg,349564
493,https://cdn.propzy.vn/listing/large/2020/12/08/listing_ba9f76b2c34ad10a4f5afd95e08cb3b2278ccaeda346dbac09d7ec282e97fbbe.jpg,208071
494,https://propzy.vn/propzy_assests/images/default_detail.jpg,356980
495,https://cdn.propzy.vn/listing/large/2020/11/03/listing_d26aca2ca742789963a42385a4848b4b67da223572a0302e99d87def8cbeb06d.jpg,269295
496,https://cdn.propzy.vn/listing/default_detail.jpg,351932
497,https://cdn.propzy.vn/listing/large/2020/03/11/listing_787a7e8fcf8f01eb0e00b4a6974d426ebdd0bc54eed2564f72e7dd74f09827c8.jpg,137221
498,https://cdn.propzy.vn/listing/large/2020/12/18/listing_05e18020ba2ecd74d66d87646a9f88b9027a80f0c51089102bd780ec74ca41ae.jpg,307602
499,https://cdn.propzy.vn/listing/large/2019/09/16/listing_59a9736fb6be7e18c89052571f33fa41eace886fd278b8f7c37f4a2edbe13854.jpg,89356
500,https://cdn.propzy.vn/listing/large/2020/03/10/listing_6a520530c08d014ad40c7af871348f249395f645dbcdcce2bfe915601f603d56.jpg,136363
501,https://cdn.propzy.vn/listing/large/2022/03/02/listing_cc4936af9ab4807e706eb9c90d8a61965525a1673910c80bebe3bd175619e460.jpg,409269
502,https://propzy.vn/propzy_assests/images/default_detail.jpg,396740
503,https://cdn.propzy.vn/listing/large/2022/03/02/listing_f4159f3a3e0ffc72617709a93a6671df1e67211c1b88b8639db88605ad8784c0.jpg,409285
504,https://cdn.propzy.vn/listing/large/2020/08/04/listing_92214f83f5828e8175d24764294d818a8011f5d5ad6f8e0c75dc44a0ed15f043.jpg,103316
505,https://propzy.vn/propzy_assests/images/default_detail.jpg,346782
506,https://cdn.propzy.vn/listing/large/2021/04/09/listing_e1cda7e466e24be67f0b0557d1e1b70a132b8c5cc2ab4efeebfe058192d0cb4b.jpg,351739
507,https://cdn.propzy.vn/listing/large/2021/06/30/listing_fb5c7d00dc75c0405cf889aeb341559c75bbb19c0ed04335f0dc7debc7e8fcb6.jpg,386933
508,https://cdn.propzy.vn/listing/large/2021/07/12/listing_18c3fbef347b3be8043e1dc0cf62dcdb021dbcb109d70ed52ce4597c322b216c.jpg,390543
509,https://cdn.propzy.vn/listing/large/2022/06/10/listing_27217dda89448932941648427485dd7629d5879cb53dfb9c7a2a1e96ab670222.jpg,417002
510,https://cdn.propzy.vn/listing/large/2021/07/17/listing_e1bd83adf43889527c6cbcb5c916d43291aaf6ece1a8b9060860c95f8a7ebb1f.jpg,391634
511,https://cdn.propzy.vn/listing/large/2021/07/09/listing_1fd83a0121d865b37cbe4d656d9e38aa13de7c46d04dcce1118341253ad5201b.jpg,390134
512,https://cdn.propzy.vn/listing/large/2021/07/09/listing_846875246b108cf7c9c3c8f1bbc6521bf3c97ed29940e435d9cdb6d7ed6e1b03.jpg,390137
513,https://cdn.propzy.vn/listing/large/2020/05/09/listing_b878f0379dd5aac2a0d969b169157fc0a10e1d62674375606ef342b84a4710bb.jpg,157596
514,https://cdn.propzy.vn/listing/large/2021/03/03/listing_5e01d578c8ad337adf7b6599ff18a58d89ab40307662ccf9ecdfd5b71f7b4458.jpg,336146
515,https://cdn.propzy.vn/listing/large/2021/06/05/listing_3f019d6d9a62ef3a7828592c9e45f8d0ec6f1e10eff9e2aeba9b01e125dfc02f.jpg,377076
516,https://cdn.propzy.vn/listing/large/2020/12/09/listing_f0d8821ad6499d3e403193f6ccccbb0808c8aef1fdd6cda4f0e54746112eac6d.jpg,300592
517,https://cdn.propzy.vn/listing/large/2021/10/11/listing_e01871e36379ba02b2bc854416ec115bc675e6b23bf5f0bdd27fd04733ef3d0d.jpg,399728
518,https://cdn.propzy.vn/listing/large/2021/07/13/listing_1aeec866f753f88e6716be4080381599fd3ff60215488416c20243f49bfcff52.jpg,390857
519,https://cdn.propzy.vn/listing/large/2022/04/26/listing_e70ac3b610f98fff012b038316d50afc3661d96d9a1923fe7d393e85da43dd74.jpg,413984
520,https://cdn.propzy.vn/listing/large/2020/08/10/listing_f0da3e93848b73f8ca1709c46e224d501060957ad84ec367a9beeb392ae9d99c.jpg,203761
521,https://cdn.propzy.vn/listing/large/2021/05/21/listing_064afdc83a14a3acaa74dd00c2789f30fa37292642f6b8f78efab8ba83b4c679.jpg,370225
522,https://cdn.propzy.vn/listing/large/2022/05/06/listing_bafa0f92fa15152196b81fc7911f368353f7ebfb1643a015c0cfc49c3990d559.jpg,414886
523,https://cdn.propzy.vn/listing/large/2021/03/31/listing_dd94e081823fa3479c7cf9e565ec365e6665d91d83b005a28cda6b9c867ebce1.jpg,347171
524,https://cdn.propzy.vn/listing/large/2021/05/05/listing_5b7c3b8acbcea7d91da4d213d4cbe63a9e377fcb355372e84405ccdeb9547cf4.jpg,362069
525,https://cdn.propzy.vn/listing/large/2019/10/14/listing_4756720b2fd9d5895fb92b6b95d8a2adcd0a2b19c398884ebfaa4cc80c5309e3.jpg,97271
526,https://cdn.propzy.vn/listing/large/2020/08/29/listing_b0e1769e9b3fcdcf89b35e3c59fccd63e0b650ae604771091abbe72cb16754c2.jpg,220553
527,https://cdn.propzy.vn/listing/large/2021/06/07/listing_465a26186e7e32c3ea18b5ec280516d3e5b3b2877ab65cd8b908810f7449c15d.jpg,377698
528,https://cdn.propzy.vn/listing/large/2020/07/24/listing_25f9585aacec421e1fc135d4fac026696f53be9f98d9bd13527c946863bed687.jpg,101621
529,https://propzy.vn/propzy_assests/images/default_detail.jpg,22155
530,https://cdn.propzy.vn/listing/default_detail.jpg,244970
531,https://cdn.propzy.vn/listing/large/2020/11/21/listing_25a727bcf040187fcfb8c71815277277087df4055804621e0beb135db4b34cb3.jpg,284672
532,https://cdn.propzy.vn/listing/large/2021/07/02/listing_a2dd0ce39dad508a1dc65b57d6aa4684ba0d53b89fad24bfb0304c970569fbb3.jpg,387750
533,https://cdn.propzy.vn/listing/default_detail.jpg,391765
534,https://cdn.propzy.vn/listing/large/2022/07/26/listing_6c720846ff91f2c4730b64a563ab593dd766c9c9d190a516d804c93a23af86e2.jpg,419414
535,https://cdn.propzy.vn/listing/large/2021/09/29/listing_31886e1ed35971ba7bc7148561ced9f656258a4e84c9dd656fc36eda40702e6a.jpg,398448
536,https://cdn.propzy.vn/listing/default_detail.jpg,398159
537,https://cdn.propzy.vn/listing/large/2022/03/11/listing_1200d7b04887538999014de1cabddfc15a300153d39fe717ad6f7867adab75a8.jpg,409992
538,https://cdn.propzy.vn/listing/large/2021/08/06/listing_fbdb6a78e9d0ab43e4884ecb739f15e615db9de9c7c4eff58ff61207710162fe.jpg,393876
539,https://cdn.propzy.vn/listing/large/2021/04/07/listing_0dc0f542cd81ed7821b1ea03b916b23c84fb49c01e3d6a6c2f48d1d242dc1752.jpg,132493
540,https://cdn.propzy.vn/listing/large/2020/10/22/listing_22954f55c1abf2ef90ea0124e996f5618482295c718378258cf947f4d190ede4.jpg,261009
541,https://cdn.propzy.vn/listing/large/2020/03/19/listing_9972a814d45d1ac285fb140350876a101009f22db0bc8b5db67353346d8d9420.jpg,140929
542,https://cdn.propzy.vn/listing/default_detail.jpg,323732
543,https://cdn.propzy.vn/listing/large/2019/05/29/listing_d4673700a9db0283f919dedf5431d364030da63186e9b689552aa61016f764df.jpg,62344
544,https://cdn.propzy.vn/listing/default_detail.jpg,209273
545,https://cdn.propzy.vn/listing/large/2020/03/19/listing_9972a814d45d1ac285fb140350876a101009f22db0bc8b5db67353346d8d9420.jpg,140929
546,https://cdn.propzy.vn/listing/large/2021/04/27/listing_cef570061b5c51e29a1b17fd32742e518704bf9be6a00a218eb1edd97a96ae71.jpg,359291
547,https://cdn.propzy.vn/listing/large/2020/10/22/listing_22954f55c1abf2ef90ea0124e996f5618482295c718378258cf947f4d190ede4.jpg,261009
548,https://cdn.propzy.vn/listing/large/2021/12/27/listing_0c7b59432daa5f453a3a14586eb9a72c85fc470ef0008c22563b593e89c96314.jpg,405705
549,https://cdn.propzy.vn/listing/default_detail.jpg,354593
550,https://cdn.propzy.vn/listing/large/2021/04/09/listing_48c7db87e12092dd5167d91efb3011af9a4f4d1f5592388eedcad0626d3684ad.jpg,351008
551,https://cdn.propzy.vn/listing/large/2018/05/10/listing_9653bffa0cb2b43689b3a28f76b14a5c65db511568fc81f0869a58f9a99cd51b.jpg,27751
552,https://cdn.propzy.vn/listing/default_detail.jpg,302521
553,https://cdn.propzy.vn/listing/large/2021/06/21/listing_6826d702ca2dc5d6f1280638beede2e636f2cc47fbaa9c6479ca3d389ca60072.jpg,383769
554,https://cdn.propzy.vn/listing/large/2020/08/19/listing_c6e6a9986855228c5140853fb37c48b055747702f0e3569e5a3ca1f018e17d02.jpg,212010
555,https://cdn.propzy.vn/listing/large/2021/03/09/listing_044087b2dff1f148d5c274c59dc33835011d9c9a14f32217cf77b87be6302d26.jpg,338187
556,https://cdn.propzy.vn/listing/large/2021/04/02/listing_70b71735b85658841530969c123fd2ea6257a308b3b66b0a2e47aff65ae43014.jpg,348743
557,https://cdn.propzy.vn/listing/large/2022/07/13/listing_2175f8835e22c8ee3f4fe27252979bf69fb6f793bb75035d7f717c83cfc0df98.jpg,418628
558,https://cdn.propzy.vn/listing/large/2020/02/20/listing_025f4a526f2c9e84023e23bf14d15651460f63f52293e763826d548d2987678b.jpg,128239
559,https://propzy.vn/propzy_assests/images/default_detail.jpg,362758
560,https://cdn.propzy.vn/listing/large/2020/07/21/listing_0b69705fd17d15fce2aa34591675e48fb3c83e391372852654fe73d8e8392429.jpg,191931
561,https://cdn.propzy.vn/listing/default_detail.jpg,251660
562,https://cdn.propzy.vn/listing/large/2020/05/30/listing_23795e01e0f1c019e761dc99e989aa5a4d54ffbcab295a266a484d9d88e8eb54.jpg,167252
563,https://cdn.propzy.vn/listing/large/2021/04/03/listing_6bc30fbecb2dd9b52b1dec5abd44b980dfba8710fca901f432ad75d9c81f118c.jpg,348704
564,https://cdn.propzy.vn/listing/large/2020/06/13/listing_0980819148ab0f9406ec8594ae82ff69ad83db48f87a44c82b03557adf5a6064.jpg,174238
565,https://cdn.propzy.vn/listing/large/2020/10/30/listing_96bcb3bc73c4eb265a98b8299f871f1e1bd5424ea577d6f0ae7ed666aefffa1a.jpg,267294
566,https://cdn.propzy.vn/listing/large/2021/02/21/listing_7fe56e5895cfcf8dcca7e93ae8943d9e1a2b13870630bfe977b438ecc25ef847.jpg,333153
567,https://cdn.propzy.vn/listing/large/2021/11/06/listing_22665580f3d72744e2eee1c356c8896c2e74c091359dbd6efee2f58e5376bd35.jpg,403576
568,https://cdn.propzy.vn/listing/large/2020/12/01/listing_8ee7dedb2493729454844c65d2b6577f83935a6b7824a800ee38ce12d8d1fd10.jpg,293442
569,https://cdn.propzy.vn/listing/large/2021/05/15/listing_344867b4c097a8c5440b92d4aed6112cb85ed4580168742b325396c67011ff86.jpg,366780
570,https://cdn.propzy.vn/listing/default_detail.jpg,383066
571,https://cdn.propzy.vn/listing/large/2020/10/26/listing_6e3a7e3b0799c726acecb58db9fb40bd32505a61f41ac92e8c51f7b5a33e1441.jpg,264359
572,https://cdn.propzy.vn/listing/large/2021/05/24/listing_227aad9192bda75f149e7f69976b24ce6e51263d9506bd9e9817389084a7fa83.jpg,354174
573,https://cdn.propzy.vn/listing/default_detail.jpg,381240
574,https://cdn.propzy.vn/listing/large/2022/05/13/listing_475704f082a43354aaaf3ab000600a50a90dfe9c4aaba6367752f0b6db34e3a1.jpg,415579
575,https://cdn.propzy.vn/listing/large/2022/04/16/listing_197fdea7b6149400d19727d2234738a96361a79e5df495f8ad57a1cbb5f948bb.jpg,413264
576,https://cdn.propzy.vn/listing/large/2021/09/09/listing_ac66f22391afdfcdf60ff0000510109e8fefd28662985c3b73fb7ed4d55732cf.jpg,347644
577,https://cdn.propzy.vn/listing/large/2021/09/21/listing_5a9d3de232a18ea18a6793b20e12a4c8b59dff5ecc607d3ee3e9a1df320505c8.jpg,168816
578,https://cdn.propzy.vn/listing/large/2021/06/26/listing_0a8e8c023abc40c8be3a68ed885f57a26c06ae5fbfd7dc0f071649a0bac83435.jpg,385685
579,https://cdn.propzy.vn/listing/large/2021/01/29/listing_0a29f999710fe61d5614dd600f88f1c7a2ef18a74ea0add3bbf3ba0f35e1f41d.jpg,331374
580,https://cdn.propzy.vn/listing/large/2020/09/05/listing_a6b82bd6cb5fe1623e8127ad0d030be49e68cde237b79c2249cd699eae8c8e7c.jpg,53404
581,https://propzy.vn/propzy_assests/images/default_detail.jpg,253370
582,https://cdn.propzy.vn/listing/default_detail.jpg,135685
583,https://cdn.propzy.vn/listing/large/2020/08/04/listing_bf827fceda8da4dc42b1ec53c878b36e04d858e8df447e4700962a8aa16f9410.jpg,28476
584,https://cdn.propzy.vn/listing/large/2020/10/07/listing_1a30cb74fc5384ca75dd41ef17c0d2328543629d301ed7aec849c46523e843c9.jpg,249325
585,https://propzy.vn/propzy_assests/images/default_detail.jpg,293768
586,https://cdn.propzy.vn/listing/default_detail.jpg,297102
587,https://cdn.propzy.vn/listing/large/2020/03/23/listing_8973d3fadd424062e4626bbd57285ff3ab121d008a55ea61aaa74630a8db8e7a.jpg,142489
588,https://cdn.propzy.vn/listing/large/2020/10/27/listing_01b1b824f537c39d8ebd7b81368bbf4e20cd18e0cbcff42d791cf6a33111f66b.jpg,237431
589,https://cdn.propzy.vn/listing/large/2020/12/07/listing_c8163d757036000b8d6d6ecad450b70b9c32715c183e15a88bfa743ff1963306.jpg,299019
590,https://cdn.propzy.vn/listing/default_detail.jpg,112409
591,https://cdn.propzy.vn/listing/large/2021/04/12/listing_e2e74b4fb4dcbe4436ec8944919e3ce64df210c641e9f44b05cdacbb84175e7a.jpg,351240
592,https://cdn.propzy.vn/listing/large/2020/12/12/listing_ffd20d1b2ddcc8648cf21a0079f618e35b301245defbabcec5ee54fb947fe91b.jpg,303521
593,https://cdn.propzy.vn/listing/large/2019/09/21/listing_dfc7f0dec3b1e252f08ef4889e752c91876d382370b8232a49bc06a493ff0bcb.jpg,90929
594,https://cdn.propzy.vn/listing/large/2022/07/11/listing_cac4b99d63691654f02e3138a2a8c13e8ccb67f0c8d87405c3056ecc31bff83c.jpg,412055
595,https://propzy.vn/propzy_assests/images/default_detail.jpg,333824
596,https://cdn.propzy.vn/listing/large/2022/02/28/listing_d0ab911f45397065953d94c479c41ad269b01f9ce454651fcaeb5c52d24e588f.jpg,409146
597,https://cdn.propzy.vn/listing/default_detail.jpg,329505
598,https://cdn.propzy.vn/listing/large/2021/07/07/listing_c93c5528ce219fe74e88ab44872db28c457c8f533ca40f3629368b96cb1a5570.jpg,389297
599,https://cdn.propzy.vn/listing/large/2021/05/20/listing_b568230931f4c47e8bcbcf371f7430661674bc5cc020016f0cc07ab66318b62e.jpg,369239
600,https://cdn.propzy.vn/listing/large/2020/03/03/listing_b87e67c43ec795271df48efe1fb26fed5d6887427244027131b085121cfcb47a.jpg,132850
601,https://cdn.propzy.vn/listing/default_detail.jpg,339439
602,https://cdn.propzy.vn/listing/large/2021/02/25/listing_3f7d7541b37fb31fc78657da4a6b86f5a9eba5b387d98c8ead9c2ea9c1edff3b.jpg,334459
603,https://cdn.propzy.vn/listing/large/2021/12/15/listing_81f9840e8484ead6e80d8db67c34c466e22cdeddbea8b1781ad3124ea0e9ad51.jpg,405042
604,https://cdn.propzy.vn/listing/large/2021/04/16/listing_d2ca00661637b8706f987f90d5d753f7abca2859ed8964eca65d931b77870a07.jpg,355053
605,https://cdn.propzy.vn/listing/large/2022/08/05/listing_f26daa2295e4204706ce3603fa8a69b74109408aa830d121c733d683a8668041.jpg,419880
606,https://cdn.propzy.vn/listing/large/2021/03/30/listing_3a9362393b0b354ba29542bf355f53cba5272efddd451b1df0c67b55a9ce944b.jpg,346485
607,https://cdn.propzy.vn/listing/large/2020/04/28/listing_f99731f946e992e1293dbaf9a990e2ad4ce91697f8a7f8f96530ad872c5f6d33.jpg,154083
608,https://cdn.propzy.vn/listing/large/2021/06/01/listing_eca062e6446f88577dba97783b0b8fe194c58f028122412b0b1c6503347de2ef.jpg,375001
609,https://propzy.vn/propzy_assests/images/default_detail.jpg,382386
610,https://cdn.propzy.vn/listing/large/2022/06/11/listing_38766f32071050b73d660ed1685272bde0f8049066ad665f83c339cd551cf122.jpg,417040
611,https://cdn.propzy.vn/listing/large/2020/02/13/listing_678d7ba07bda6c04fea1c87245f4f92ad4b9c6f80f2671d6a75e64979be0e31d.jpg,124351
612,https://cdn.propzy.vn/listing/large/2020/08/31/listing_b532ff87e8c450a659a12512338d18770ee0c1e1e6a1da65579c525ba986311b.jpg,166452
613,https://propzy.vn/propzy_assests/images/default_detail.jpg,67714
614,https://cdn.propzy.vn/listing/large/2020/12/26/listing_10ebaf271a24419d0f4871963796659c31cada125525932aa97980ccb4cc3ddf.jpg,312569
615,https://cdn.propzy.vn/listing/large/2021/06/25/listing_a92d9a339b099cd9d1a4e1c25a54039f953bf62e6f1be1d3f82b629ad3914bd6.jpg,385288
616,https://cdn.propzy.vn/listing/large/2020/10/15/listing_3ea42e802784f3ca5eb6832ae9345ef83207f98bbe7617839bb4671401c55673.jpg,68752
617,https://cdn.propzy.vn/listing/default_detail.jpg,337154
618,https://cdn.propzy.vn/listing/large/2019/11/26/listing_70194a40c04f4c6463bac38dc888c114c8aef924b13419e8b0142e49d3af849c.jpg,109277
619,https://propzy.vn/propzy_assests/images/default_detail.jpg,383895
620,https://cdn.propzy.vn/listing/large/2021/11/04/listing_1dcc4d035b270653727f61a16329a595bbef9e9e6a759918552d9a3a5b0f295c.jpg,403424
621,https://cdn.propzy.vn/listing/default_detail.jpg,302387
622,https://cdn.propzy.vn/listing/large/2021/03/11/listing_5b685b38438a5da0aaa53fb4c8ac76630a60f99b0ae47b84a076bb88f85182be.jpg,338982
623,https://cdn.propzy.vn/listing/large/2021/11/03/listing_4225e32ca5080d14ec16000b6ba7cb1e2b511acc73ff0e83e8d1e09af63e3bd8.jpg,331534
624,https://cdn.propzy.vn/listing/large/2021/01/20/listing_e1d3c052e6582beedd516c1d035fde3ef79b83ebdcf7dd2be5cac192b8508157.jpg,298557
625,https://cdn.propzy.vn/listing/large/2021/09/21/listing_d3bf34806e48a94f093e4aea8f2d8f66cadda0fbbbf9568b70628483900ccd14.jpg,327235
626,https://cdn.propzy.vn/listing/large/2021/05/25/listing_822cf8a98e20f1efd260a2424d61a40a35d238e65db02977d3ef290a70fa70ab.jpg,371811
627,https://cdn.propzy.vn/listing/large/2021/03/29/listing_e44d7e1824b42de94e2940f7f02fe530ca97cef2d540d2d0d8076db4a803357d.jpg,346015
628,https://cdn.propzy.vn/listing/large/2020/09/14/listing_6399b8c5813c69018274beb7ee72a23ab39e08fd56abf7363c732c907a716565.jpg,221430
629,https://cdn.propzy.vn/listing/large/2020/08/04/listing_761f42a6b147d2e68797394ced6c0d660186057e8df83df75a4bd728f81a15ec.jpg,199986
630,https://cdn.propzy.vn/listing/large/2019/08/13/listing_691b07fb71492a102f7b7bba5e10fd2afebb4abc2e7619698b941beef6393df4.jpg,80303
631,https://cdn.propzy.vn/listing/large/2021/10/20/listing_21d5061efce660a402e7b75312920b4c2f756c472328bfdcfd23c35def46c4e7.jpg,346417
632,https://cdn.propzy.vn/listing/large/2020/06/04/listing_94a2ec03054995695ca1a44c43e2fef7fb2ac6adc8eefbe476b62006766b4dc5.jpg,169350
633,https://cdn.propzy.vn/listing/large/2021/11/09/listing_04ccdc4b8661525bc8865cac50f7fa0b82495e6407548532f2534664f85f2756.jpg,166736
634,https://cdn.propzy.vn/listing/large/2020/08/07/listing_6aed8db3dce41d85f6669696be9038584a1e8f5a280459f41ac7d0a5760cefab.jpg,202575
635,https://cdn.propzy.vn/listing/large/2021/07/17/listing_b891cbb6798baa2f8f67082616d91393572c230d9beae85771c2cd93d721de58.jpg,380178
636,https://propzy.vn/propzy_assests/images/default_detail.jpg,263791
637,https://cdn.propzy.vn/listing/large/2020/10/27/listing_1b0c6d6ae269b13afc0c70c021d409a077b9896611bab60d0113a029d3391b40.jpg,81815
638,https://cdn.propzy.vn/listing/large/2021/01/13/listing_d529d75e78db962dfb2f7aa14bf87f4fb71e870f57b0c26f1400c4e31287b296.jpg,323779
639,https://cdn.propzy.vn/listing/large/2021/06/24/listing_decebe44caa64d6139fba15252dd07b41718e418d6b347cdfb7b6a9640cc5f01.jpg,384994
